Date,Ratio,Stop,CAGR,StDev,DrawDown,Sharpe,MaR,SM
0,0.925,0.9,0.5586125669465813,0.008713944926916592,-0.01644245142002898,64.10558841393149,33.973800662480336,2177.910482125917
1,0.925,3.1,0.5586125669465813,0.008713944926916592,-0.01644245142002898,64.10558841393149,33.973800662480336,2177.910482125917
2,0.925,0.7,0.5586125669465813,0.008713944926916592,-0.01644245142002898,64.10558841393149,33.973800662480336,2177.910482125917
3,0.925,4.9,0.5586125669465813,0.008713944926916592,-0.01644245142002898,64.10558841393149,33.973800662480336,2177.910482125917
4,0.925,4.7,0.5586125669465813,0.008713944926916592,-0.01644245142002898,64.10558841393149,33.973800662480336,2177.910482125917
5,0.925,4.5,0.5586125669465813,0.008713944926916592,-0.01644245142002898,64.10558841393149,33.973800662480336,2177.910482125917
6,0.925,4.3,0.5586125669465813,0.008713944926916592,-0.01644245142002898,64.10558841393149,33.973800662480336,2177.910482125917
7,0.925,3.9,0.5586125669465813,0.008713944926916592,-0.01644245142002898,64.10558841393149,33.973800662480336,2177.910482125917
8,0.925,3.7,0.5586125669465813,0.008713944926916592,-0.01644245142002898,64.10558841393149,33.973800662480336,2177.910482125917
9,0.925,3.5,0.5586125669465813,0.008713944926916592,-0.01644245142002898,64.10558841393149,33.973800662480336,2177.910482125917
10,0.925,3.3,0.5586125669465813,0.008713944926916592,-0.01644245142002898,64.10558841393149,33.973800662480336,2177.910482125917
11,0.925,4.1,0.5586125669465813,0.008713944926916592,-0.01644245142002898,64.10558841393149,33.973800662480336,2177.910482125917
12,0.925,2.9,0.5586125669465813,0.008713944926916592,-0.01644245142002898,64.10558841393149,33.973800662480336,2177.910482125917
13,0.925,2.5,0.5586125669465813,0.008713944926916592,-0.01644245142002898,64.10558841393149,33.973800662480336,2177.910482125917
14,0.925,2.3,0.5586125669465813,0.008713944926916592,-0.01644245142002898,64.10558841393149,33.973800662480336,2177.910482125917
15,0.925,2.1,0.5586125669465813,0.008713944926916592,-0.01644245142002898,64.10558841393149,33.973800662480336,2177.910482125917
16,0.925,1.9,0.5586125669465813,0.008713944926916592,-0.01644245142002898,64.10558841393149,33.973800662480336,2177.910482125917
17,0.925,1.7,0.5586125669465813,0.008713944926916592,-0.01644245142002898,64.10558841393149,33.973800662480336,2177.910482125917
18,0.925,1.5,0.5586125669465813,0.008713944926916592,-0.01644245142002898,64.10558841393149,33.973800662480336,2177.910482125917
19,0.925,1.3,0.5586125669465813,0.008713944926916592,-0.01644245142002898,64.10558841393149,33.973800662480336,2177.910482125917
20,0.925,2.7,0.5586125669465813,0.008713944926916592,-0.01644245142002898,64.10558841393149,33.973800662480336,2177.910482125917
21,0.925,1.1,0.5586125669465813,0.008713944926916592,-0.01644245142002898,64.10558841393149,33.973800662480336,2177.910482125917
22,0.975,3.3,28.690406959882896,0.3646129952713027,-1.0664167424744186,78.68728578512355,26.903560134767037,2116.968124961671
23,0.975,4.1,28.690406959882896,0.3646129952713027,-1.0664167424744186,78.68728578512355,26.903560134767037,2116.968124961671
24,0.975,3.9,28.690406959882896,0.3646129952713027,-1.0664167424744186,78.68728578512355,26.903560134767037,2116.968124961671
25,0.975,3.7,28.690406959882896,0.3646129952713027,-1.0664167424744186,78.68728578512355,26.903560134767037,2116.968124961671
26,0.975,3.5,28.690406959882896,0.3646129952713027,-1.0664167424744186,78.68728578512355,26.903560134767037,2116.968124961671
27,0.975,2.3,28.690406959882896,0.3646129952713027,-1.0664167424744186,78.68728578512355,26.903560134767037,2116.968124961671
28,0.975,3.1,28.690406959882896,0.3646129952713027,-1.0664167424744186,78.68728578512355,26.903560134767037,2116.968124961671
29,0.975,2.9,28.690406959882896,0.3646129952713027,-1.0664167424744186,78.68728578512355,26.903560134767037,2116.968124961671
30,0.975,2.7,28.690406959882896,0.3646129952713027,-1.0664167424744186,78.68728578512355,26.903560134767037,2116.968124961671
31,0.975,2.5,28.690406959882896,0.3646129952713027,-1.0664167424744186,78.68728578512355,26.903560134767037,2116.968124961671
32,0.975,2.1,28.690406959882896,0.3646129952713027,-1.0664167424744186,78.68728578512355,26.903560134767037,2116.968124961671
33,0.975,4.5,28.690406959882896,0.3646129952713027,-1.0664167424744186,78.68728578512355,26.903560134767037,2116.968124961671
34,0.975,4.3,28.690406959882896,0.3646129952713027,-1.0664167424744186,78.68728578512355,26.903560134767037,2116.968124961671
35,0.98,2.3,28.690406959882896,0.3646129952713027,-1.0664167424744186,78.68728578512355,26.903560134767037,2116.968124961671
36,0.975,4.7,28.690406959882896,0.3646129952713027,-1.0664167424744186,78.68728578512355,26.903560134767037,2116.968124961671
37,0.975,4.9,28.690406959882896,0.3646129952713027,-1.0664167424744186,78.68728578512355,26.903560134767037,2116.968124961671
38,0.98,0.7,28.690406959882896,0.3646129952713027,-1.0664167424744186,78.68728578512355,26.903560134767037,2116.968124961671
39,0.98,0.9,28.690406959882896,0.3646129952713027,-1.0664167424744186,78.68728578512355,26.903560134767037,2116.968124961671
40,0.98,1.3,28.690406959882896,0.3646129952713027,-1.0664167424744186,78.68728578512355,26.903560134767037,2116.968124961671
41,0.98,1.5,28.690406959882896,0.3646129952713027,-1.0664167424744186,78.68728578512355,26.903560134767037,2116.968124961671
42,0.98,1.7,28.690406959882896,0.3646129952713027,-1.0664167424744186,78.68728578512355,26.903560134767037,2116.968124961671
43,0.98,1.9,28.690406959882896,0.3646129952713027,-1.0664167424744186,78.68728578512355,26.903560134767037,2116.968124961671
44,0.98,2.1,28.690406959882896,0.3646129952713027,-1.0664167424744186,78.68728578512355,26.903560134767037,2116.968124961671
45,0.975,1.7,28.690406959882896,0.3646129952713027,-1.0664167424744186,78.68728578512355,26.903560134767037,2116.968124961671
46,0.98,2.5,28.690406959882896,0.3646129952713027,-1.0664167424744186,78.68728578512355,26.903560134767037,2116.968124961671
47,0.98,2.7,28.690406959882896,0.3646129952713027,-1.0664167424744186,78.68728578512355,26.903560134767037,2116.968124961671
48,0.975,1.9,28.690406959882896,0.3646129952713027,-1.0664167424744186,78.68728578512355,26.903560134767037,2116.968124961671
49,0.97,4.1,28.690406959882896,0.3646129952713027,-1.0664167424744186,78.68728578512355,26.903560134767037,2116.968124961671
50,0.975,1.5,28.690406959882896,0.3646129952713027,-1.0664167424744186,78.68728578512355,26.903560134767037,2116.968124961671
51,0.975,1.3,28.690406959882896,0.3646129952713027,-1.0664167424744186,78.68728578512355,26.903560134767037,2116.968124961671
52,0.97,0.7,28.690406959882896,0.3646129952713027,-1.0664167424744186,78.68728578512355,26.903560134767037,2116.968124961671
53,0.97,0.9,28.690406959882896,0.3646129952713027,-1.0664167424744186,78.68728578512355,26.903560134767037,2116.968124961671
54,0.97,1.1,28.690406959882896,0.3646129952713027,-1.0664167424744186,78.68728578512355,26.903560134767037,2116.968124961671
55,0.97,1.3,28.690406959882896,0.3646129952713027,-1.0664167424744186,78.68728578512355,26.903560134767037,2116.968124961671
56,0.97,1.5,28.690406959882896,0.3646129952713027,-1.0664167424744186,78.68728578512355,26.903560134767037,2116.968124961671
57,0.97,1.7,28.690406959882896,0.3646129952713027,-1.0664167424744186,78.68728578512355,26.903560134767037,2116.968124961671
58,0.97,1.9,28.690406959882896,0.3646129952713027,-1.0664167424744186,78.68728578512355,26.903560134767037,2116.968124961671
59,0.97,2.1,28.690406959882896,0.3646129952713027,-1.0664167424744186,78.68728578512355,26.903560134767037,2116.968124961671
60,0.97,2.3,28.690406959882896,0.3646129952713027,-1.0664167424744186,78.68728578512355,26.903560134767037,2116.968124961671
61,0.97,2.5,28.690406959882896,0.3646129952713027,-1.0664167424744186,78.68728578512355,26.903560134767037,2116.968124961671
62,0.97,2.7,28.690406959882896,0.3646129952713027,-1.0664167424744186,78.68728578512355,26.903560134767037,2116.968124961671
63,0.97,2.9,28.690406959882896,0.3646129952713027,-1.0664167424744186,78.68728578512355,26.903560134767037,2116.968124961671
64,0.97,3.1,28.690406959882896,0.3646129952713027,-1.0664167424744186,78.68728578512355,26.903560134767037,2116.968124961671
65,0.97,3.3,28.690406959882896,0.3646129952713027,-1.0664167424744186,78.68728578512355,26.903560134767037,2116.968124961671
66,0.97,3.5,28.690406959882896,0.3646129952713027,-1.0664167424744186,78.68728578512355,26.903560134767037,2116.968124961671
67,0.97,3.7,28.690406959882896,0.3646129952713027,-1.0664167424744186,78.68728578512355,26.903560134767037,2116.968124961671
68,0.97,3.9,28.690406959882896,0.3646129952713027,-1.0664167424744186,78.68728578512355,26.903560134767037,2116.968124961671
69,0.98,3.1,28.690406959882896,0.3646129952713027,-1.0664167424744186,78.68728578512355,26.903560134767037,2116.968124961671
70,0.97,4.3,28.690406959882896,0.3646129952713027,-1.0664167424744186,78.68728578512355,26.903560134767037,2116.968124961671
71,0.97,4.5,28.690406959882896,0.3646129952713027,-1.0664167424744186,78.68728578512355,26.903560134767037,2116.968124961671
72,0.97,4.7,28.690406959882896,0.3646129952713027,-1.0664167424744186,78.68728578512355,26.903560134767037,2116.968124961671
73,0.97,4.9,28.690406959882896,0.3646129952713027,-1.0664167424744186,78.68728578512355,26.903560134767037,2116.968124961671
74,0.975,0.7,28.690406959882896,0.3646129952713027,-1.0664167424744186,78.68728578512355,26.903560134767037,2116.968124961671
75,0.975,0.9,28.690406959882896,0.3646129952713027,-1.0664167424744186,78.68728578512355,26.903560134767037,2116.968124961671
76,0.975,1.1,28.690406959882896,0.3646129952713027,-1.0664167424744186,78.68728578512355,26.903560134767037,2116.968124961671
77,0.98,2.9,28.690406959882896,0.3646129952713027,-1.0664167424744186,78.68728578512355,26.903560134767037,2116.968124961671
78,0.98,1.1,28.690406959882896,0.3646129952713027,-1.0664167424744186,78.68728578512355,26.903560134767037,2116.968124961671
79,0.98,3.3,28.690406959882896,0.3646129952713027,-1.0664167424744186,78.68728578512355,26.903560134767037,2116.968124961671
80,0.98,3.5,28.690406959882896,0.3646129952713027,-1.0664167424744186,78.68728578512355,26.903560134767037,2116.968124961671
81,0.98,3.7,28.690406959882896,0.3646129952713027,-1.0664167424744186,78.68728578512355,26.903560134767037,2116.968124961671
82,0.98,3.9,28.690406959882896,0.3646129952713027,-1.0664167424744186,78.68728578512355,26.903560134767037,2116.968124961671
83,0.98,4.1,28.690406959882896,0.3646129952713027,-1.0664167424744186,78.68728578512355,26.903560134767037,2116.968124961671
84,0.98,4.3,28.690406959882896,0.3646129952713027,-1.0664167424744186,78.68728578512355,26.903560134767037,2116.968124961671
85,0.98,4.5,28.690406959882896,0.3646129952713027,-1.0664167424744186,78.68728578512355,26.903560134767037,2116.968124961671
86,0.98,4.7,28.690406959882896,0.3646129952713027,-1.0664167424744186,78.68728578512355,26.903560134767037,2116.968124961671
87,0.98,4.9,28.690406959882896,0.3646129952713027,-1.0664167424744186,78.68728578512355,26.903560134767037,2116.968124961671
88,1.04,0.5,122.59050903564064,0.8965997325063988,-10.719563549820732,136.72824627433818,11.436147420170924,1563.6443808947672
89,0.965,2.9,23.843589081974613,0.36140579020554814,-1.0664167424744297,65.9745630207354,22.358603473019205,1475.099093886339
90,0.965,4.9,23.843589081974613,0.36140579020554814,-1.0664167424744297,65.9745630207354,22.358603473019205,1475.099093886339
91,0.965,4.7,23.843589081974613,0.36140579020554814,-1.0664167424744297,65.9745630207354,22.358603473019205,1475.099093886339
92,0.965,4.5,23.843589081974613,0.36140579020554814,-1.0664167424744297,65.9745630207354,22.358603473019205,1475.099093886339
93,0.965,4.3,23.843589081974613,0.36140579020554814,-1.0664167424744297,65.9745630207354,22.358603473019205,1475.099093886339
94,0.965,4.1,23.843589081974613,0.36140579020554814,-1.0664167424744297,65.9745630207354,22.358603473019205,1475.099093886339
95,0.965,3.9,23.843589081974613,0.36140579020554814,-1.0664167424744297,65.9745630207354,22.358603473019205,1475.099093886339
96,0.965,3.7,23.843589081974613,0.36140579020554814,-1.0664167424744297,65.9745630207354,22.358603473019205,1475.099093886339
97,0.965,3.5,23.843589081974613,0.36140579020554814,-1.0664167424744297,65.9745630207354,22.358603473019205,1475.099093886339
98,0.965,3.1,23.843589081974613,0.36140579020554814,-1.0664167424744297,65.9745630207354,22.358603473019205,1475.099093886339
99,0.965,3.3,23.843589081974613,0.36140579020554814,-1.0664167424744297,65.9745630207354,22.358603473019205,1475.099093886339
100,0.965,2.7,23.843589081974613,0.36140579020554814,-1.0664167424744297,65.9745630207354,22.358603473019205,1475.099093886339
101,0.965,2.5,23.843589081974613,0.36140579020554814,-1.0664167424744297,65.9745630207354,22.358603473019205,1475.099093886339
102,0.965,2.3,23.843589081974613,0.36140579020554814,-1.0664167424744297,65.9745630207354,22.358603473019205,1475.099093886339
103,0.965,2.1,23.843589081974613,0.36140579020554814,-1.0664167424744297,65.9745630207354,22.358603473019205,1475.099093886339
104,0.965,1.9,23.843589081974613,0.36140579020554814,-1.0664167424744297,65.9745630207354,22.358603473019205,1475.099093886339
105,0.965,1.7,23.843589081974613,0.36140579020554814,-1.0664167424744297,65.9745630207354,22.358603473019205,1475.099093886339
106,0.965,1.5,23.843589081974613,0.36140579020554814,-1.0664167424744297,65.9745630207354,22.358603473019205,1475.099093886339
107,0.965,1.3,23.843589081974613,0.36140579020554814,-1.0664167424744297,65.9745630207354,22.358603473019205,1475.099093886339
108,0.965,1.1,23.843589081974613,0.36140579020554814,-1.0664167424744297,65.9745630207354,22.358603473019205,1475.099093886339
109,0.965,0.9,23.843589081974613,0.36140579020554814,-1.0664167424744297,65.9745630207354,22.358603473019205,1475.099093886339
110,0.965,0.7,23.843589081974613,0.36140579020554814,-1.0664167424744297,65.9745630207354,22.358603473019205,1475.099093886339
111,1.04,3.9,130.08673764792792,0.9922945087978431,-14.208781189755904,131.0969036859097,9.155376236050174,1200.2414766257361
112,1.04,2.9,130.08673764792792,0.9922945087978431,-14.208781189755904,131.0969036859097,9.155376236050174,1200.2414766257361
113,1.04,3.1,130.08673764792792,0.9922945087978431,-14.208781189755904,131.0969036859097,9.155376236050174,1200.2414766257361
114,1.04,3.3,130.08673764792792,0.9922945087978431,-14.208781189755904,131.0969036859097,9.155376236050174,1200.2414766257361
115,1.04,3.5,130.08673764792792,0.9922945087978431,-14.208781189755904,131.0969036859097,9.155376236050174,1200.2414766257361
116,1.04,4.7,130.08673764792792,0.9922945087978431,-14.208781189755904,131.0969036859097,9.155376236050174,1200.2414766257361
117,1.04,4.1,130.08673764792792,0.9922945087978431,-14.208781189755904,131.0969036859097,9.155376236050174,1200.2414766257361
118,1.04,4.3,130.08673764792792,0.9922945087978431,-14.208781189755904,131.0969036859097,9.155376236050174,1200.2414766257361
119,1.04,4.5,130.08673764792792,0.9922945087978431,-14.208781189755904,131.0969036859097,9.155376236050174,1200.2414766257361
120,1.04,2.5,130.08673764792792,0.9922945087978431,-14.208781189755904,131.0969036859097,9.155376236050174,1200.2414766257361
121,1.04,4.9,130.08673764792792,0.9922945087978431,-14.208781189755904,131.0969036859097,9.155376236050174,1200.2414766257361
122,1.04,2.7,130.08673764792792,0.9922945087978431,-14.208781189755904,131.0969036859097,9.155376236050174,1200.2414766257361
123,1.04,3.7,130.08673764792792,0.9922945087978431,-14.208781189755904,131.0969036859097,9.155376236050174,1200.2414766257361
124,1.04,2.3,130.08673764792792,0.9922945087978431,-14.208781189755904,131.0969036859097,9.155376236050174,1200.2414766257361
125,1.04,1.9,130.08673764792792,0.9922945087978431,-14.208781189755904,131.0969036859097,9.155376236050174,1200.2414766257361
126,1.04,1.7,130.08673764792792,0.9922945087978431,-14.208781189755904,131.0969036859097,9.155376236050174,1200.2414766257361
127,1.04,1.5,130.08673764792792,0.9922945087978431,-14.208781189755904,131.0969036859097,9.155376236050174,1200.2414766257361
128,1.04,1.3,130.08673764792792,0.9922945087978431,-14.208781189755904,131.0969036859097,9.155376236050174,1200.2414766257361
129,1.04,1.1,130.08673764792792,0.9922945087978431,-14.208781189755904,131.0969036859097,9.155376236050174,1200.2414766257361
130,1.04,2.1,130.08673764792792,0.9922945087978431,-14.208781189755904,131.0969036859097,9.155376236050174,1200.2414766257361
131,1.025,0.5,72.38835214231946,0.7461605766713988,-6.25973021224735,97.01444220658487,11.564132907946972,1121.8879036672877
132,1.02,0.5,72.38835214231946,0.7461605766713988,-6.25973021224735,97.01444220658487,11.564132907946972,1121.8879036672877
133,1.03,0.5,70.44201415203733,0.7473240190489867,-6.892630829995983,94.25899925132728,10.21990236956857,963.3177698018018
134,1.035,0.5,85.72114240646862,0.808383618765837,-10.719563549820709,106.04017748076029,7.996700799250577,847.9715720130689
135,1.04,0.9,108.09518350526024,1.0260452780697393,-14.208781189755904,105.35128011954372,7.607632355067412,801.4738072852109
136,1.045,0.5,94.3123535489547,0.9172797894184365,-13.667548417510556,102.8174332814523,6.900458711975283,709.4874532299349
137,1.04,0.1,54.512136577543856,0.6178675388869762,-7.327219264940865,88.22625101124713,7.439675899747187,656.3747133734212
138,1.035,2.5,91.97571340163691,0.9140992402535533,-14.49290111187218,100.6189583705645,6.346259640610738,638.5540345874055
139,1.035,1.1,91.97571340163691,0.9140992402535533,-14.49290111187218,100.6189583705645,6.346259640610738,638.5540345874055
140,1.035,1.3,91.97571340163691,0.9140992402535533,-14.49290111187218,100.6189583705645,6.346259640610738,638.5540345874055
141,1.035,1.7,91.97571340163691,0.9140992402535533,-14.49290111187218,100.6189583705645,6.346259640610738,638.5540345874055
142,1.035,1.9,91.97571340163691,0.9140992402535533,-14.49290111187218,100.6189583705645,6.346259640610738,638.5540345874055
143,1.035,2.1,91.97571340163691,0.9140992402535533,-14.49290111187218,100.6189583705645,6.346259640610738,638.5540345874055
144,1.035,2.3,91.97571340163691,0.9140992402535533,-14.49290111187218,100.6189583705645,6.346259640610738,638.5540345874055
145,1.035,1.5,91.97571340163691,0.9140992402535533,-14.49290111187218,100.6189583705645,6.346259640610738,638.5540345874055
146,1.035,2.7,91.97571340163691,0.9140992402535533,-14.49290111187218,100.6189583705645,6.346259640610738,638.5540345874055
147,1.035,4.1,91.97571340163691,0.9140992402535533,-14.49290111187218,100.6189583705645,6.346259640610738,638.5540345874055
148,1.035,2.9,91.97571340163691,0.9140992402535533,-14.49290111187218,100.6189583705645,6.346259640610738,638.5540345874055
149,1.035,4.7,91.97571340163691,0.9140992402535533,-14.49290111187218,100.6189583705645,6.346259640610738,638.5540345874055
150,1.035,4.5,91.97571340163691,0.9140992402535533,-14.49290111187218,100.6189583705645,6.346259640610738,638.5540345874055
151,1.035,4.3,91.97571340163691,0.9140992402535533,-14.49290111187218,100.6189583705645,6.346259640610738,638.5540345874055
152,1.035,4.9,91.97571340163691,0.9140992402535533,-14.49290111187218,100.6189583705645,6.346259640610738,638.5540345874055
153,1.035,3.9,91.97571340163691,0.9140992402535533,-14.49290111187218,100.6189583705645,6.346259640610738,638.5540345874055
154,1.035,3.7,91.97571340163691,0.9140992402535533,-14.49290111187218,100.6189583705645,6.346259640610738,638.5540345874055
155,1.035,3.5,91.97571340163691,0.9140992402535533,-14.49290111187218,100.6189583705645,6.346259640610738,638.5540345874055
156,1.035,3.3,91.97571340163691,0.9140992402535533,-14.49290111187218,100.6189583705645,6.346259640610738,638.5540345874055
157,1.035,3.1,91.97571340163691,0.9140992402535533,-14.49290111187218,100.6189583705645,6.346259640610738,638.5540345874055
158,1.04,0.7,92.31412578830471,0.9530677151237795,-14.208781189755904,96.85998625639672,6.496977084484936,629.2971111113353
159,1.045,3.1,99.82025615793695,1.0121622951287668,-16.171617161716167,98.6208008718976,6.172558697113246,608.7426821381051
160,1.045,4.7,99.82025615793695,1.0121622951287668,-16.171617161716167,98.6208008718976,6.172558697113246,608.7426821381051
161,1.045,4.5,99.82025615793695,1.0121622951287668,-16.171617161716167,98.6208008718976,6.172558697113246,608.7426821381051
162,1.045,4.3,99.82025615793695,1.0121622951287668,-16.171617161716167,98.6208008718976,6.172558697113246,608.7426821381051
163,1.045,4.1,99.82025615793695,1.0121622951287668,-16.171617161716167,98.6208008718976,6.172558697113246,608.7426821381051
164,1.045,3.9,99.82025615793695,1.0121622951287668,-16.171617161716167,98.6208008718976,6.172558697113246,608.7426821381051
165,1.045,3.7,99.82025615793695,1.0121622951287668,-16.171617161716167,98.6208008718976,6.172558697113246,608.7426821381051
166,1.045,3.5,99.82025615793695,1.0121622951287668,-16.171617161716167,98.6208008718976,6.172558697113246,608.7426821381051
167,1.045,3.3,99.82025615793695,1.0121622951287668,-16.171617161716167,98.6208008718976,6.172558697113246,608.7426821381051
168,1.045,1.7,99.82025615793695,1.0121622951287668,-16.171617161716167,98.6208008718976,6.172558697113246,608.7426821381051
169,1.045,2.9,99.82025615793695,1.0121622951287668,-16.171617161716167,98.6208008718976,6.172558697113246,608.7426821381051
170,1.045,2.7,99.82025615793695,1.0121622951287668,-16.171617161716167,98.6208008718976,6.172558697113246,608.7426821381051
171,1.045,2.5,99.82025615793695,1.0121622951287668,-16.171617161716167,98.6208008718976,6.172558697113246,608.7426821381051
172,1.045,2.3,99.82025615793695,1.0121622951287668,-16.171617161716167,98.6208008718976,6.172558697113246,608.7426821381051
173,1.045,2.1,99.82025615793695,1.0121622951287668,-16.171617161716167,98.6208008718976,6.172558697113246,608.7426821381051
174,1.045,1.9,99.82025615793695,1.0121622951287668,-16.171617161716167,98.6208008718976,6.172558697113246,608.7426821381051
175,1.045,1.5,99.82025615793695,1.0121622951287668,-16.171617161716167,98.6208008718976,6.172558697113246,608.7426821381051
176,1.045,1.3,99.82025615793695,1.0121622951287668,-16.171617161716167,98.6208008718976,6.172558697113246,608.7426821381051
177,1.045,1.1,99.82025615793695,1.0121622951287668,-16.171617161716167,98.6208008718976,6.172558697113246,608.7426821381051
178,1.045,4.9,99.82025615793695,1.0121622951287668,-16.171617161716167,98.6208008718976,6.172558697113246,608.7426821381051
179,0.965,0.1,20.82922659005422,0.36331941288382225,-2.160050407337488,57.33034308495574,9.64293542377497,552.8327961910921
180,1.025,1.7,73.78856450271887,0.8694301759236054,-13.911663598766477,84.87002929744467,5.304079126040797,450.1573508230472
181,1.025,4.1,73.78856450271887,0.8694301759236054,-13.911663598766477,84.87002929744467,5.304079126040797,450.1573508230472
182,1.025,4.5,73.78856450271887,0.8694301759236054,-13.911663598766477,84.87002929744467,5.304079126040797,450.1573508230472
183,1.025,4.7,73.78856450271887,0.8694301759236054,-13.911663598766477,84.87002929744467,5.304079126040797,450.1573508230472
184,1.025,4.9,73.78856450271887,0.8694301759236054,-13.911663598766477,84.87002929744467,5.304079126040797,450.1573508230472
185,1.02,3.7,73.78856450271887,0.8694301759236054,-13.911663598766477,84.87002929744467,5.304079126040797,450.1573508230472
186,1.02,3.5,73.78856450271887,0.8694301759236054,-13.911663598766477,84.87002929744467,5.304079126040797,450.1573508230472
187,1.02,3.3,73.78856450271887,0.8694301759236054,-13.911663598766477,84.87002929744467,5.304079126040797,450.1573508230472
188,1.02,3.1,73.78856450271887,0.8694301759236054,-13.911663598766477,84.87002929744467,5.304079126040797,450.1573508230472
189,1.02,2.9,73.78856450271887,0.8694301759236054,-13.911663598766477,84.87002929744467,5.304079126040797,450.1573508230472
190,1.02,2.7,73.78856450271887,0.8694301759236054,-13.911663598766477,84.87002929744467,5.304079126040797,450.1573508230472
191,1.02,2.5,73.78856450271887,0.8694301759236054,-13.911663598766477,84.87002929744467,5.304079126040797,450.1573508230472
192,1.02,2.3,73.78856450271887,0.8694301759236054,-13.911663598766477,84.87002929744467,5.304079126040797,450.1573508230472
193,1.02,4.3,73.78856450271887,0.8694301759236054,-13.911663598766477,84.87002929744467,5.304079126040797,450.1573508230472
194,1.02,2.1,73.78856450271887,0.8694301759236054,-13.911663598766477,84.87002929744467,5.304079126040797,450.1573508230472
195,1.02,1.9,73.78856450271887,0.8694301759236054,-13.911663598766477,84.87002929744467,5.304079126040797,450.1573508230472
196,1.02,1.7,73.78856450271887,0.8694301759236054,-13.911663598766477,84.87002929744467,5.304079126040797,450.1573508230472
197,1.02,1.5,73.78856450271887,0.8694301759236054,-13.911663598766477,84.87002929744467,5.304079126040797,450.1573508230472
198,1.02,1.3,73.78856450271887,0.8694301759236054,-13.911663598766477,84.87002929744467,5.304079126040797,450.1573508230472
199,1.025,4.3,73.78856450271887,0.8694301759236054,-13.911663598766477,84.87002929744467,5.304079126040797,450.1573508230472
200,1.025,3.9,73.78856450271887,0.8694301759236054,-13.911663598766477,84.87002929744467,5.304079126040797,450.1573508230472
201,1.02,0.9,73.78856450271887,0.8694301759236054,-13.911663598766477,84.87002929744467,5.304079126040797,450.1573508230472
202,1.025,3.7,73.78856450271887,0.8694301759236054,-13.911663598766477,84.87002929744467,5.304079126040797,450.1573508230472
203,1.02,4.7,73.78856450271887,0.8694301759236054,-13.911663598766477,84.87002929744467,5.304079126040797,450.1573508230472
204,1.02,4.9,73.78856450271887,0.8694301759236054,-13.911663598766477,84.87002929744467,5.304079126040797,450.1573508230472
205,1.02,4.1,73.78856450271887,0.8694301759236054,-13.911663598766477,84.87002929744467,5.304079126040797,450.1573508230472
206,1.025,0.9,73.78856450271887,0.8694301759236054,-13.911663598766477,84.87002929744467,5.304079126040797,450.1573508230472
207,1.025,1.1,73.78856450271887,0.8694301759236054,-13.911663598766477,84.87002929744467,5.304079126040797,450.1573508230472
208,1.025,1.3,73.78856450271887,0.8694301759236054,-13.911663598766477,84.87002929744467,5.304079126040797,450.1573508230472
209,1.025,1.5,73.78856450271887,0.8694301759236054,-13.911663598766477,84.87002929744467,5.304079126040797,450.1573508230472
210,1.02,3.9,73.78856450271887,0.8694301759236054,-13.911663598766477,84.87002929744467,5.304079126040797,450.1573508230472
211,1.025,1.9,73.78856450271887,0.8694301759236054,-13.911663598766477,84.87002929744467,5.304079126040797,450.1573508230472
212,1.025,2.1,73.78856450271887,0.8694301759236054,-13.911663598766477,84.87002929744467,5.304079126040797,450.1573508230472
213,1.025,2.3,73.78856450271887,0.8694301759236054,-13.911663598766477,84.87002929744467,5.304079126040797,450.1573508230472
214,1.025,2.5,73.78856450271887,0.8694301759236054,-13.911663598766477,84.87002929744467,5.304079126040797,450.1573508230472
215,1.025,2.7,73.78856450271887,0.8694301759236054,-13.911663598766477,84.87002929744467,5.304079126040797,450.1573508230472
216,1.025,2.9,73.78856450271887,0.8694301759236054,-13.911663598766477,84.87002929744467,5.304079126040797,450.1573508230472
217,1.025,3.1,73.78856450271887,0.8694301759236054,-13.911663598766477,84.87002929744467,5.304079126040797,450.1573508230472
218,1.025,3.3,73.78856450271887,0.8694301759236054,-13.911663598766477,84.87002929744467,5.304079126040797,450.1573508230472
219,1.025,3.5,73.78856450271887,0.8694301759236054,-13.911663598766477,84.87002929744467,5.304079126040797,450.1573508230472
220,1.02,1.1,73.78856450271887,0.8694301759236054,-13.911663598766477,84.87002929744467,5.304079126040797,450.1573508230472
221,1.02,4.5,73.78856450271887,0.8694301759236054,-13.911663598766477,84.87002929744467,5.304079126040797,450.1573508230472
222,1.045,0.1,48.08504325854488,0.6213164383908761,-8.395547681024373,77.39219548589203,5.72744567542946,443.2595953476637
223,1.03,3.1,71.82641751793312,0.8704545844750803,-14.49290111187218,82.5159850944405,4.955972373198278,408.946942475288
224,1.03,1.3,71.82641751793312,0.8704545844750803,-14.49290111187218,82.5159850944405,4.955972373198278,408.946942475288
225,1.03,1.7,71.82641751793312,0.8704545844750803,-14.49290111187218,82.5159850944405,4.955972373198278,408.946942475288
226,1.03,1.9,71.82641751793312,0.8704545844750803,-14.49290111187218,82.5159850944405,4.955972373198278,408.946942475288
227,1.03,2.1,71.82641751793312,0.8704545844750803,-14.49290111187218,82.5159850944405,4.955972373198278,408.946942475288
228,1.03,2.3,71.82641751793312,0.8704545844750803,-14.49290111187218,82.5159850944405,4.955972373198278,408.946942475288
229,1.03,2.5,71.82641751793312,0.8704545844750803,-14.49290111187218,82.5159850944405,4.955972373198278,408.946942475288
230,1.03,2.7,71.82641751793312,0.8704545844750803,-14.49290111187218,82.5159850944405,4.955972373198278,408.946942475288
231,1.03,2.9,71.82641751793312,0.8704545844750803,-14.49290111187218,82.5159850944405,4.955972373198278,408.946942475288
232,1.03,3.3,71.82641751793312,0.8704545844750803,-14.49290111187218,82.5159850944405,4.955972373198278,408.946942475288
233,1.03,3.5,71.82641751793312,0.8704545844750803,-14.49290111187218,82.5159850944405,4.955972373198278,408.946942475288
234,1.03,4.9,71.82641751793312,0.8704545844750803,-14.49290111187218,82.5159850944405,4.955972373198278,408.946942475288
235,1.03,4.7,71.82641751793312,0.8704545844750803,-14.49290111187218,82.5159850944405,4.955972373198278,408.946942475288
236,1.03,4.5,71.82641751793312,0.8704545844750803,-14.49290111187218,82.5159850944405,4.955972373198278,408.946942475288
237,1.03,4.3,71.82641751793312,0.8704545844750803,-14.49290111187218,82.5159850944405,4.955972373198278,408.946942475288
238,1.03,4.1,71.82641751793312,0.8704545844750803,-14.49290111187218,82.5159850944405,4.955972373198278,408.946942475288
239,1.03,3.7,71.82641751793312,0.8704545844750803,-14.49290111187218,82.5159850944405,4.955972373198278,408.946942475288
240,1.03,1.5,71.82641751793312,0.8704545844750803,-14.49290111187218,82.5159850944405,4.955972373198278,408.946942475288
241,1.03,1.1,71.82641751793312,0.8704545844750803,-14.49290111187218,82.5159850944405,4.955972373198278,408.946942475288
242,1.03,0.9,71.82641751793312,0.8704545844750803,-14.49290111187218,82.5159850944405,4.955972373198278,408.946942475288
243,1.03,3.9,71.82641751793312,0.8704545844750803,-14.49290111187218,82.5159850944405,4.955972373198278,408.946942475288
244,1.035,0.9,73.62678838967244,0.9495000225094529,-14.49290111187218,77.5426926216207,5.08019669915221,393.9321310997319
245,0.99,0.3,24.187514477413607,0.40597336295003894,-3.7923783229610653,59.579067704474596,6.377927626832375,379.99098189328504
246,0.975,0.3,22.013853720992806,0.3732753597684418,-3.780702680555248,58.974837596162025,5.822688420915386,343.392103996538
247,0.98,0.3,22.013853720992806,0.3732753597684418,-3.780702680555248,58.974837596162025,5.822688420915386,343.392103996538
248,0.97,0.3,22.013853720992806,0.3732753597684418,-3.780702680555248,58.974837596162025,5.822688420915386,343.392103996538
249,1.035,0.1,32.751413759588054,0.46847666940029864,-7.327219264940865,69.91044783833834,4.469828535949016,312.48771470877995
250,1.015,0.3,26.623306535140777,0.37749719681140187,-6.328356755561915,70.52583902614201,4.2069857252819824,296.7011980465144
251,1.035,0.7,60.45966783150831,0.8688198944435251,-14.49290111187218,69.58826359545142,4.171674626412888,290.2995935372764
252,1.04,0.3,48.64567148156489,0.654447579697465,-13.126008684577217,74.33089064834282,3.706052056686701,275.4741501626452
253,0.98,0.1,18.282491674838997,0.3653614302977203,-3.3683280676609972,50.03946820533638,5.427764548936753,271.6024515725726
254,0.975,0.1,18.282491674838997,0.3653614302977203,-3.3683280676609972,50.03946820533638,5.427764548936753,271.6024515725726
255,0.97,0.1,18.282491674838997,0.3653614302977203,-3.3683280676609972,50.03946820533638,5.427764548936753,271.6024515725726
256,1.02,0.7,54.600628300976226,0.7972881867839808,-13.911663598766477,68.48292650768931,3.924809417172621,268.78243487291957
257,1.025,0.7,54.600628300976226,0.7972881867839808,-13.911663598766477,68.48292650768931,3.924809417172621,268.78243487291957
258,1.015,0.1,22.430330982736436,0.3725029899069158,-5.204032227336974,60.21517032210001,4.310182951002701,259.53840051403927
259,1.03,0.7,52.85512129633085,0.7982973446641083,-14.49290111187218,66.20981724368653,3.646966255295388,241.46496925699947
260,1.035,0.3,33.60399419452433,0.501503698426118,-9.573015087291282,67.00647333207037,3.510283216740725,235.2116987505516
261,1.045,0.9,67.61485746000149,1.0540795526507136,-19.805355115648936,64.14587712091478,3.413968447683956,218.9920005398152
262,0.965,0.3,17.41849232974515,0.36982364445963795,-3.7807026805552812,47.09945562078895,4.607210299643783,216.99709704371412
263,0.985,0.1,15.644190009882507,0.3675189929814455,-3.368328067660986,42.56702458550847,4.6444971201234715,197.7024230996191
264,1.045,0.7,61.3370608801892,0.970703486234399,-21.053685023506098,63.18825650676394,2.9133646110743734,184.0904303422961
265,0.98,0.5,18.215410371576635,0.3854983111771341,-5.539537329699584,47.25159577471343,3.288254828416235,155.3752879565736
266,0.97,0.5,18.215410371576635,0.3854983111771341,-5.539537329699584,47.25159577471343,3.288254828416235,155.3752879565736
267,0.975,0.5,18.215410371576635,0.3854983111771341,-5.539537329699584,47.25159577471343,3.288254828416235,155.3752879565736
268,0.985,0.3,14.224580700974876,0.3875040027955797,-3.7923783229610653,36.70821616900505,3.750833774903663,137.6864170231689
269,1.0,0.3,18.605745453692734,0.41362423470073134,-6.328356755561948,44.98224207572003,2.9400595087089987,132.25046853777067
270,0.99,0.1,13.874857880186674,0.36861244018176675,-4.233523044283616,37.640774883628,3.2773786123407147,123.36307055553395
271,1.025,0.1,16.24080716204308,0.3782296242293191,-6.301147060934619,42.93901408472527,2.5774366166966045,110.67258718682216
272,1.02,0.1,16.24080716204308,0.3782296242293191,-6.301147060934619,42.93901408472527,2.5774366166966045,110.67258718682216
273,1.02,0.3,19.62920050681236,0.40766371220584957,-8.944563163044494,48.150472850771195,2.194539872881964,105.66813256913787
274,1.025,0.3,19.62920050681236,0.40766371220584957,-8.944563163044494,48.150472850771195,2.194539872881964,105.66813256913787
275,0.995,0.3,17.1510047831827,0.4166740248815963,-7.000279858894098,41.16168457598573,2.4500455880191354,100.84800369082913
276,1.045,0.3,31.37098583516089,0.6638249133401666,-16.415940056152813,47.2579217874056,1.9110075772604211,90.31024662131244
277,0.965,0.5,13.763108308285844,0.3819778009630646,-5.539537329699606,36.031173208457396,2.484523072801854,89.52028117653241
278,1.03,0.3,18.217267660004644,0.40836057391521324,-9.573015087291282,44.61074066319401,1.90298119180749,84.89340043465978
279,0.99,0.5,15.080070690984781,0.43756626036085305,-6.259730212247339,34.46351343119672,2.4090608028889484,83.02469933693284
280,1.03,0.1,13.403523000311646,0.38060221290123836,-6.301147060934598,35.216618679486494,2.1271560353526504,74.91124296878259
281,0.995,0.1,11.606771659490134,0.37026078527995154,-5.350842745164774,31.347558588237575,2.169148340227052,67.99750468184581
282,1.01,0.3,10.700663682650813,0.3183885095956333,-6.328356755561925,33.60882494233571,1.6909071495133572,56.82940238173829
283,1.005,0.3,10.700663682650813,0.3183885095956333,-6.328356755561925,33.60882494233571,1.6909071495133572,56.82940238173829
284,1.015,0.5,12.14133167073561,0.36865041720659336,-7.9463608584605545,32.93453934688362,1.527910937722975,50.321042896971164
285,1.0,0.1,9.545091696223063,0.37164496680977127,-6.374718134528424,25.683360595890367,1.497335489160286,38.45660730112751
286,1.0,0.5,10.100846802027807,0.44181807675468576,-7.946360858460566,22.862004371170585,1.271128631324783,29.06054832566727
287,1.005,0.1,7.034666866837314,0.3334338468013338,-6.3747181345284005,21.097638809981703,1.1035259470900098,23.281791849148007
288,1.01,0.1,7.034666866837314,0.3334338468013338,-6.3747181345284005,21.097638809981703,1.1035259470900098,23.281791849148007
289,1.015,4.5,13.052005906295538,0.580484956862964,-13.911663598766467,22.484658305067406,0.938205974693986,21.095240760766995
290,1.015,4.3,13.052005906295538,0.580484956862964,-13.911663598766467,22.484658305067406,0.938205974693986,21.095240760766995
291,1.015,4.9,13.052005906295538,0.580484956862964,-13.911663598766467,22.484658305067406,0.938205974693986,21.095240760766995
292,1.015,1.5,13.052005906295538,0.580484956862964,-13.911663598766467,22.484658305067406,0.938205974693986,21.095240760766995
293,1.015,0.9,13.052005906295538,0.580484956862964,-13.911663598766467,22.484658305067406,0.938205974693986,21.095240760766995
294,1.015,1.7,13.052005906295538,0.580484956862964,-13.911663598766467,22.484658305067406,0.938205974693986,21.095240760766995
295,1.015,3.7,13.052005906295538,0.580484956862964,-13.911663598766467,22.484658305067406,0.938205974693986,21.095240760766995
296,1.015,1.1,13.052005906295538,0.580484956862964,-13.911663598766467,22.484658305067406,0.938205974693986,21.095240760766995
297,1.015,1.3,13.052005906295538,0.580484956862964,-13.911663598766467,22.484658305067406,0.938205974693986,21.095240760766995
298,1.015,3.5,13.052005906295538,0.580484956862964,-13.911663598766467,22.484658305067406,0.938205974693986,21.095240760766995
299,1.015,3.3,13.052005906295538,0.580484956862964,-13.911663598766467,22.484658305067406,0.938205974693986,21.095240760766995
300,1.015,3.1,13.052005906295538,0.580484956862964,-13.911663598766467,22.484658305067406,0.938205974693986,21.095240760766995
301,1.015,2.9,13.052005906295538,0.580484956862964,-13.911663598766467,22.484658305067406,0.938205974693986,21.095240760766995
302,1.015,2.7,13.052005906295538,0.580484956862964,-13.911663598766467,22.484658305067406,0.938205974693986,21.095240760766995
303,1.015,2.5,13.052005906295538,0.580484956862964,-13.911663598766467,22.484658305067406,0.938205974693986,21.095240760766995
304,1.015,2.3,13.052005906295538,0.580484956862964,-13.911663598766467,22.484658305067406,0.938205974693986,21.095240760766995
305,1.015,2.1,13.052005906295538,0.580484956862964,-13.911663598766467,22.484658305067406,0.938205974693986,21.095240760766995
306,1.015,1.9,13.052005906295538,0.580484956862964,-13.911663598766467,22.484658305067406,0.938205974693986,21.095240760766995
307,1.015,4.1,13.052005906295538,0.580484956862964,-13.911663598766467,22.484658305067406,0.938205974693986,21.095240760766995
308,1.015,3.9,13.052005906295538,0.580484956862964,-13.911663598766467,22.484658305067406,0.938205974693986,21.095240760766995
309,1.015,4.7,13.052005906295538,0.580484956862964,-13.911663598766467,22.484658305067406,0.938205974693986,21.095240760766995
310,0.995,0.5,8.74983133245486,0.4463893838502624,-8.606967135779042,19.60134279400766,1.0165986687786843,19.926698990662842
311,0.985,0.5,5.847780890300425,0.4196277072407915,-6.259730212247339,13.935640543737597,0.9341905628551014,13.018543883300596
312,0.99,3.5,8.322523195208165,0.530105378892423,-13.911663598766467,15.699752401299621,0.5982406874722096,9.392230669696959
313,0.99,1.1,8.322523195208165,0.530105378892423,-13.911663598766467,15.699752401299621,0.5982406874722096,9.392230669696959
314,0.99,4.5,8.322523195208165,0.530105378892423,-13.911663598766467,15.699752401299621,0.5982406874722096,9.392230669696959
315,0.99,4.7,8.322523195208165,0.530105378892423,-13.911663598766467,15.699752401299621,0.5982406874722096,9.392230669696959
316,0.99,4.9,8.322523195208165,0.530105378892423,-13.911663598766467,15.699752401299621,0.5982406874722096,9.392230669696959
317,0.99,4.1,8.322523195208165,0.530105378892423,-13.911663598766467,15.699752401299621,0.5982406874722096,9.392230669696959
318,0.99,3.9,8.322523195208165,0.530105378892423,-13.911663598766467,15.699752401299621,0.5982406874722096,9.392230669696959
319,0.99,3.7,8.322523195208165,0.530105378892423,-13.911663598766467,15.699752401299621,0.5982406874722096,9.392230669696959
320,0.99,0.7,8.322523195208165,0.530105378892423,-13.911663598766467,15.699752401299621,0.5982406874722096,9.392230669696959
321,0.99,0.9,8.322523195208165,0.530105378892423,-13.911663598766467,15.699752401299621,0.5982406874722096,9.392230669696959
322,0.99,4.3,8.322523195208165,0.530105378892423,-13.911663598766467,15.699752401299621,0.5982406874722096,9.392230669696959
323,0.99,1.3,8.322523195208165,0.530105378892423,-13.911663598766467,15.699752401299621,0.5982406874722096,9.392230669696959
324,0.99,3.1,8.322523195208165,0.530105378892423,-13.911663598766467,15.699752401299621,0.5982406874722096,9.392230669696959
325,0.99,1.5,8.322523195208165,0.530105378892423,-13.911663598766467,15.699752401299621,0.5982406874722096,9.392230669696959
326,0.99,2.5,8.322523195208165,0.530105378892423,-13.911663598766467,15.699752401299621,0.5982406874722096,9.392230669696959
327,0.99,2.7,8.322523195208165,0.530105378892423,-13.911663598766467,15.699752401299621,0.5982406874722096,9.392230669696959
328,0.99,2.9,8.322523195208165,0.530105378892423,-13.911663598766467,15.699752401299621,0.5982406874722096,9.392230669696959
329,0.99,2.3,8.322523195208165,0.530105378892423,-13.911663598766467,15.699752401299621,0.5982406874722096,9.392230669696959
330,0.99,2.1,8.322523195208165,0.530105378892423,-13.911663598766467,15.699752401299621,0.5982406874722096,9.392230669696959
331,0.99,3.3,8.322523195208165,0.530105378892423,-13.911663598766467,15.699752401299621,0.5982406874722096,9.392230669696959
332,0.99,1.9,8.322523195208165,0.530105378892423,-13.911663598766467,15.699752401299621,0.5982406874722096,9.392230669696959
333,0.99,1.7,8.322523195208165,0.530105378892423,-13.911663598766467,15.699752401299621,0.5982406874722096,9.392230669696959
334,1.0,2.7,3.634116714254776,0.5373588058750512,-13.911663598766467,6.7629239058190755,0.26122804713140196,1.7666654048153905
335,1.0,4.3,3.634116714254776,0.5373588058750512,-13.911663598766467,6.7629239058190755,0.26122804713140196,1.7666654048153905
336,1.0,4.1,3.634116714254776,0.5373588058750512,-13.911663598766467,6.7629239058190755,0.26122804713140196,1.7666654048153905
337,1.0,3.9,3.634116714254776,0.5373588058750512,-13.911663598766467,6.7629239058190755,0.26122804713140196,1.7666654048153905
338,1.0,3.7,3.634116714254776,0.5373588058750512,-13.911663598766467,6.7629239058190755,0.26122804713140196,1.7666654048153905
339,1.0,3.5,3.634116714254776,0.5373588058750512,-13.911663598766467,6.7629239058190755,0.26122804713140196,1.7666654048153905
340,1.0,3.1,3.634116714254776,0.5373588058750512,-13.911663598766467,6.7629239058190755,0.26122804713140196,1.7666654048153905
341,1.0,2.9,3.634116714254776,0.5373588058750512,-13.911663598766467,6.7629239058190755,0.26122804713140196,1.7666654048153905
342,1.0,1.7,3.634116714254776,0.5373588058750512,-13.911663598766467,6.7629239058190755,0.26122804713140196,1.7666654048153905
343,1.0,2.5,3.634116714254776,0.5373588058750512,-13.911663598766467,6.7629239058190755,0.26122804713140196,1.7666654048153905
344,1.0,2.3,3.634116714254776,0.5373588058750512,-13.911663598766467,6.7629239058190755,0.26122804713140196,1.7666654048153905
345,1.0,2.1,3.634116714254776,0.5373588058750512,-13.911663598766467,6.7629239058190755,0.26122804713140196,1.7666654048153905
346,1.0,1.9,3.634116714254776,0.5373588058750512,-13.911663598766467,6.7629239058190755,0.26122804713140196,1.7666654048153905
347,1.0,4.9,3.634116714254776,0.5373588058750512,-13.911663598766467,6.7629239058190755,0.26122804713140196,1.7666654048153905
348,1.0,1.5,3.634116714254776,0.5373588058750512,-13.911663598766467,6.7629239058190755,0.26122804713140196,1.7666654048153905
349,1.0,1.3,3.634116714254776,0.5373588058750512,-13.911663598766467,6.7629239058190755,0.26122804713140196,1.7666654048153905
350,1.0,1.1,3.634116714254776,0.5373588058750512,-13.911663598766467,6.7629239058190755,0.26122804713140196,1.7666654048153905
351,1.0,0.9,3.634116714254776,0.5373588058750512,-13.911663598766467,6.7629239058190755,0.26122804713140196,1.7666654048153905
352,1.0,0.7,3.634116714254776,0.5373588058750512,-13.911663598766467,6.7629239058190755,0.26122804713140196,1.7666654048153905
353,1.0,4.7,3.634116714254776,0.5373588058750512,-13.911663598766467,6.7629239058190755,0.26122804713140196,1.7666654048153905
354,1.0,3.3,3.634116714254776,0.5373588058750512,-13.911663598766467,6.7629239058190755,0.26122804713140196,1.7666654048153905
355,1.0,4.5,3.634116714254776,0.5373588058750512,-13.911663598766467,6.7629239058190755,0.26122804713140196,1.7666654048153905
356,0.995,4.9,2.363998008107271,0.5371264433267023,-13.911663598766467,4.401194611581226,0.1699292102144336,0.7478915243460186
357,0.995,4.5,2.363998008107271,0.5371264433267023,-13.911663598766467,4.401194611581226,0.1699292102144336,0.7478915243460186
358,0.995,4.3,2.363998008107271,0.5371264433267023,-13.911663598766467,4.401194611581226,0.1699292102144336,0.7478915243460186
359,0.995,4.1,2.363998008107271,0.5371264433267023,-13.911663598766467,4.401194611581226,0.1699292102144336,0.7478915243460186
360,0.995,3.9,2.363998008107271,0.5371264433267023,-13.911663598766467,4.401194611581226,0.1699292102144336,0.7478915243460186
361,0.995,3.7,2.363998008107271,0.5371264433267023,-13.911663598766467,4.401194611581226,0.1699292102144336,0.7478915243460186
362,0.995,3.5,2.363998008107271,0.5371264433267023,-13.911663598766467,4.401194611581226,0.1699292102144336,0.7478915243460186
363,0.995,3.3,2.363998008107271,0.5371264433267023,-13.911663598766467,4.401194611581226,0.1699292102144336,0.7478915243460186
364,0.995,3.1,2.363998008107271,0.5371264433267023,-13.911663598766467,4.401194611581226,0.1699292102144336,0.7478915243460186
365,0.995,2.9,2.363998008107271,0.5371264433267023,-13.911663598766467,4.401194611581226,0.1699292102144336,0.7478915243460186
366,0.995,2.7,2.363998008107271,0.5371264433267023,-13.911663598766467,4.401194611581226,0.1699292102144336,0.7478915243460186
367,0.995,2.5,2.363998008107271,0.5371264433267023,-13.911663598766467,4.401194611581226,0.1699292102144336,0.7478915243460186
368,0.995,2.3,2.363998008107271,0.5371264433267023,-13.911663598766467,4.401194611581226,0.1699292102144336,0.7478915243460186
369,0.995,2.1,2.363998008107271,0.5371264433267023,-13.911663598766467,4.401194611581226,0.1699292102144336,0.7478915243460186
370,0.995,1.9,2.363998008107271,0.5371264433267023,-13.911663598766467,4.401194611581226,0.1699292102144336,0.7478915243460186
371,0.995,1.7,2.363998008107271,0.5371264433267023,-13.911663598766467,4.401194611581226,0.1699292102144336,0.7478915243460186
372,0.995,1.5,2.363998008107271,0.5371264433267023,-13.911663598766467,4.401194611581226,0.1699292102144336,0.7478915243460186
373,0.995,1.3,2.363998008107271,0.5371264433267023,-13.911663598766467,4.401194611581226,0.1699292102144336,0.7478915243460186
374,0.995,1.1,2.363998008107271,0.5371264433267023,-13.911663598766467,4.401194611581226,0.1699292102144336,0.7478915243460186
375,0.995,0.9,2.363998008107271,0.5371264433267023,-13.911663598766467,4.401194611581226,0.1699292102144336,0.7478915243460186
376,0.995,0.7,2.363998008107271,0.5371264433267023,-13.911663598766467,4.401194611581226,0.1699292102144336,0.7478915243460186
377,0.995,4.7,2.363998008107271,0.5371264433267023,-13.911663598766467,4.401194611581226,0.1699292102144336,0.7478915243460186
378,1.015,0.7,0.569972447902467,0.45759521690146715,-13.911663598766467,1.245582180167757,0.040970833132638856,0.05103253965664167
379,0.89,4.7,0.0,999.0,1.0,0.0,0.0,0.0
380,0.9,0.7,0.0,999.0,1.0,0.0,0.0,0.0
381,0.9,0.9,0.0,999.0,1.0,0.0,0.0,0.0
382,0.89,4.5,0.0,999.0,1.0,0.0,0.0,0.0
383,0.89,4.3,0.0,999.0,1.0,0.0,0.0,0.0
384,0.89,4.1,0.0,999.0,1.0,0.0,0.0,0.0
385,0.895,4.1,0.0,999.0,1.0,0.0,0.0,0.0
386,0.895,4.3,0.0,999.0,1.0,0.0,0.0,0.0
387,0.9,0.3,0.0,999.0,1.0,0.0,0.0,0.0
388,0.895,4.5,0.0,999.0,1.0,0.0,0.0,0.0
389,0.895,4.7,0.0,999.0,1.0,0.0,0.0,0.0
390,0.895,4.9,0.0,999.0,1.0,0.0,0.0,0.0
391,0.895,3.9,0.0,999.0,1.0,0.0,0.0,0.0
392,0.895,3.7,0.0,999.0,1.0,0.0,0.0,0.0
393,0.895,3.5,0.0,999.0,1.0,0.0,0.0,0.0
394,0.895,3.3,0.0,999.0,1.0,0.0,0.0,0.0
395,0.895,3.1,0.0,999.0,1.0,0.0,0.0,0.0
396,0.895,2.9,0.0,999.0,1.0,0.0,0.0,0.0
397,0.895,2.7,0.0,999.0,1.0,0.0,0.0,0.0
398,0.895,2.5,0.0,999.0,1.0,0.0,0.0,0.0
399,0.895,2.3,0.0,999.0,1.0,0.0,0.0,0.0
400,0.895,2.1,0.0,999.0,1.0,0.0,0.0,0.0
401,0.895,1.9,0.0,999.0,1.0,0.0,0.0,0.0
402,0.895,1.7,0.0,999.0,1.0,0.0,0.0,0.0
403,0.895,1.5,0.0,999.0,1.0,0.0,0.0,0.0
404,0.895,1.3,0.0,999.0,1.0,0.0,0.0,0.0
405,0.895,1.1,0.0,999.0,1.0,0.0,0.0,0.0
406,0.915,1.3,0.0,999.0,1.0,0.0,0.0,0.0
407,0.895,0.7,0.0,999.0,1.0,0.0,0.0,0.0
408,0.895,0.5,0.0,999.0,1.0,0.0,0.0,0.0
409,0.895,0.3,0.0,999.0,1.0,0.0,0.0,0.0
410,0.895,0.1,0.0,999.0,1.0,0.0,0.0,0.0
411,0.89,4.9,0.0,999.0,1.0,0.0,0.0,0.0
412,0.9,0.1,0.0,999.0,1.0,0.0,0.0,0.0
413,0.9,0.5,0.0,999.0,1.0,0.0,0.0,0.0
414,0.915,1.1,0.0,999.0,1.0,0.0,0.0,0.0
415,0.9,1.3,0.0,999.0,1.0,0.0,0.0,0.0
416,0.885,0.3,0.0,999.0,1.0,0.0,0.0,0.0
417,0.88,4.1,0.0,999.0,1.0,0.0,0.0,0.0
418,0.88,4.3,0.0,999.0,1.0,0.0,0.0,0.0
419,0.88,4.5,0.0,999.0,1.0,0.0,0.0,0.0
420,0.88,4.7,0.0,999.0,1.0,0.0,0.0,0.0
421,0.88,4.9,0.0,999.0,1.0,0.0,0.0,0.0
422,0.885,0.1,0.0,999.0,1.0,0.0,0.0,0.0
423,0.885,0.5,0.0,999.0,1.0,0.0,0.0,0.0
424,0.88,3.7,0.0,999.0,1.0,0.0,0.0,0.0
425,0.885,0.7,0.0,999.0,1.0,0.0,0.0,0.0
426,0.885,0.9,0.0,999.0,1.0,0.0,0.0,0.0
427,0.885,1.1,0.0,999.0,1.0,0.0,0.0,0.0
428,0.885,1.3,0.0,999.0,1.0,0.0,0.0,0.0
429,0.885,1.5,0.0,999.0,1.0,0.0,0.0,0.0
430,0.885,1.7,0.0,999.0,1.0,0.0,0.0,0.0
431,0.88,3.9,0.0,999.0,1.0,0.0,0.0,0.0
432,0.88,3.5,0.0,999.0,1.0,0.0,0.0,0.0
433,0.89,3.9,0.0,999.0,1.0,0.0,0.0,0.0
434,0.88,1.7,0.0,999.0,1.0,0.0,0.0,0.0
435,0.88,0.5,0.0,999.0,1.0,0.0,0.0,0.0
436,0.88,0.7,0.0,999.0,1.0,0.0,0.0,0.0
437,0.88,0.9,0.0,999.0,1.0,0.0,0.0,0.0
438,0.88,1.1,0.0,999.0,1.0,0.0,0.0,0.0
439,0.88,1.3,0.0,999.0,1.0,0.0,0.0,0.0
440,0.88,1.5,0.0,999.0,1.0,0.0,0.0,0.0
441,0.88,1.9,0.0,999.0,1.0,0.0,0.0,0.0
442,0.88,3.3,0.0,999.0,1.0,0.0,0.0,0.0
443,0.88,2.1,0.0,999.0,1.0,0.0,0.0,0.0
444,0.88,2.3,0.0,999.0,1.0,0.0,0.0,0.0
445,0.88,2.5,0.0,999.0,1.0,0.0,0.0,0.0
446,0.88,2.7,0.0,999.0,1.0,0.0,0.0,0.0
447,0.88,2.9,0.0,999.0,1.0,0.0,0.0,0.0
448,0.88,3.1,0.0,999.0,1.0,0.0,0.0,0.0
449,0.885,1.9,0.0,999.0,1.0,0.0,0.0,0.0
450,0.885,2.1,0.0,999.0,1.0,0.0,0.0,0.0
451,0.885,2.3,0.0,999.0,1.0,0.0,0.0,0.0
452,0.89,2.3,0.0,999.0,1.0,0.0,0.0,0.0
453,0.89,1.1,0.0,999.0,1.0,0.0,0.0,0.0
454,0.89,1.3,0.0,999.0,1.0,0.0,0.0,0.0
455,0.89,1.5,0.0,999.0,1.0,0.0,0.0,0.0
456,0.89,1.7,0.0,999.0,1.0,0.0,0.0,0.0
457,0.89,1.9,0.0,999.0,1.0,0.0,0.0,0.0
458,0.89,2.1,0.0,999.0,1.0,0.0,0.0,0.0
459,0.89,2.5,0.0,999.0,1.0,0.0,0.0,0.0
460,0.885,2.5,0.0,999.0,1.0,0.0,0.0,0.0
461,0.89,2.7,0.0,999.0,1.0,0.0,0.0,0.0
462,0.89,2.9,0.0,999.0,1.0,0.0,0.0,0.0
463,0.89,3.1,0.0,999.0,1.0,0.0,0.0,0.0
464,0.89,3.3,0.0,999.0,1.0,0.0,0.0,0.0
465,0.89,3.5,0.0,999.0,1.0,0.0,0.0,0.0
466,0.89,3.7,0.0,999.0,1.0,0.0,0.0,0.0
467,0.89,0.9,0.0,999.0,1.0,0.0,0.0,0.0
468,0.89,0.7,0.0,999.0,1.0,0.0,0.0,0.0
469,0.89,0.5,0.0,999.0,1.0,0.0,0.0,0.0
470,0.89,0.3,0.0,999.0,1.0,0.0,0.0,0.0
471,0.89,0.1,0.0,999.0,1.0,0.0,0.0,0.0
472,0.885,4.9,0.0,999.0,1.0,0.0,0.0,0.0
473,0.885,4.7,0.0,999.0,1.0,0.0,0.0,0.0
474,0.885,4.5,0.0,999.0,1.0,0.0,0.0,0.0
475,0.885,4.3,0.0,999.0,1.0,0.0,0.0,0.0
476,0.885,4.1,0.0,999.0,1.0,0.0,0.0,0.0
477,0.885,3.9,0.0,999.0,1.0,0.0,0.0,0.0
478,0.885,3.7,0.0,999.0,1.0,0.0,0.0,0.0
479,0.885,3.5,0.0,999.0,1.0,0.0,0.0,0.0
480,0.885,3.3,0.0,999.0,1.0,0.0,0.0,0.0
481,0.885,3.1,0.0,999.0,1.0,0.0,0.0,0.0
482,0.885,2.9,0.0,999.0,1.0,0.0,0.0,0.0
483,0.885,2.7,0.0,999.0,1.0,0.0,0.0,0.0
484,0.9,1.1,0.0,999.0,1.0,0.0,0.0,0.0
485,0.895,0.9,0.0,999.0,1.0,0.0,0.0,0.0
486,0.9,1.5,0.0,999.0,1.0,0.0,0.0,0.0
487,0.92,4.9,0.0,999.0,1.0,0.0,0.0,0.0
488,0.91,4.9,0.0,999.0,1.0,0.0,0.0,0.0
489,0.915,0.1,0.0,999.0,1.0,0.0,0.0,0.0
490,0.915,0.3,0.0,999.0,1.0,0.0,0.0,0.0
491,0.915,0.5,0.0,999.0,1.0,0.0,0.0,0.0
492,0.915,0.7,0.0,999.0,1.0,0.0,0.0,0.0
493,0.915,0.9,0.0,999.0,1.0,0.0,0.0,0.0
494,0.92,4.7,0.0,999.0,1.0,0.0,0.0,0.0
495,0.91,4.5,0.0,999.0,1.0,0.0,0.0,0.0
496,0.92,4.5,0.0,999.0,1.0,0.0,0.0,0.0
497,0.92,4.3,0.0,999.0,1.0,0.0,0.0,0.0
498,0.92,4.1,0.0,999.0,1.0,0.0,0.0,0.0
499,0.92,3.9,0.0,999.0,1.0,0.0,0.0,0.0
500,0.92,3.7,0.0,999.0,1.0,0.0,0.0,0.0
501,0.92,3.5,0.0,999.0,1.0,0.0,0.0,0.0
502,0.91,4.7,0.0,999.0,1.0,0.0,0.0,0.0
503,0.91,4.3,0.0,999.0,1.0,0.0,0.0,0.0
504,0.91,1.3,0.0,999.0,1.0,0.0,0.0,0.0
505,0.91,2.5,0.0,999.0,1.0,0.0,0.0,0.0
506,0.88,0.3,0.0,999.0,1.0,0.0,0.0,0.0
507,0.9,1.7,0.0,999.0,1.0,0.0,0.0,0.0
508,0.91,1.7,0.0,999.0,1.0,0.0,0.0,0.0
509,0.91,1.9,0.0,999.0,1.0,0.0,0.0,0.0
510,0.91,2.1,0.0,999.0,1.0,0.0,0.0,0.0
511,0.91,2.3,0.0,999.0,1.0,0.0,0.0,0.0
512,0.91,2.7,0.0,999.0,1.0,0.0,0.0,0.0
513,0.91,4.1,0.0,999.0,1.0,0.0,0.0,0.0
514,0.91,2.9,0.0,999.0,1.0,0.0,0.0,0.0
515,0.91,3.1,0.0,999.0,1.0,0.0,0.0,0.0
516,0.91,3.3,0.0,999.0,1.0,0.0,0.0,0.0
517,0.91,3.5,0.0,999.0,1.0,0.0,0.0,0.0
518,0.91,3.7,0.0,999.0,1.0,0.0,0.0,0.0
519,0.91,3.9,0.0,999.0,1.0,0.0,0.0,0.0
520,0.92,3.3,0.0,999.0,1.0,0.0,0.0,0.0
521,0.92,3.1,0.0,999.0,1.0,0.0,0.0,0.0
522,0.92,2.9,0.0,999.0,1.0,0.0,0.0,0.0
523,0.915,2.9,0.0,999.0,1.0,0.0,0.0,0.0
524,0.915,4.1,0.0,999.0,1.0,0.0,0.0,0.0
525,0.915,3.9,0.0,999.0,1.0,0.0,0.0,0.0
526,0.915,3.7,0.0,999.0,1.0,0.0,0.0,0.0
527,0.915,3.5,0.0,999.0,1.0,0.0,0.0,0.0
528,0.915,3.3,0.0,999.0,1.0,0.0,0.0,0.0
529,0.915,3.1,0.0,999.0,1.0,0.0,0.0,0.0
530,0.915,2.7,0.0,999.0,1.0,0.0,0.0,0.0
531,0.92,2.7,0.0,999.0,1.0,0.0,0.0,0.0
532,0.915,2.5,0.0,999.0,1.0,0.0,0.0,0.0
533,0.915,2.3,0.0,999.0,1.0,0.0,0.0,0.0
534,0.915,2.1,0.0,999.0,1.0,0.0,0.0,0.0
535,0.915,1.9,0.0,999.0,1.0,0.0,0.0,0.0
536,0.915,1.7,0.0,999.0,1.0,0.0,0.0,0.0
537,0.915,1.5,0.0,999.0,1.0,0.0,0.0,0.0
538,0.915,4.3,0.0,999.0,1.0,0.0,0.0,0.0
539,0.915,4.5,0.0,999.0,1.0,0.0,0.0,0.0
540,0.915,4.7,0.0,999.0,1.0,0.0,0.0,0.0
541,0.915,4.9,0.0,999.0,1.0,0.0,0.0,0.0
542,0.92,0.1,0.0,999.0,1.0,0.0,0.0,0.0
543,0.92,0.3,0.0,999.0,1.0,0.0,0.0,0.0
544,0.92,0.5,0.0,999.0,1.0,0.0,0.0,0.0
545,0.92,0.7,0.0,999.0,1.0,0.0,0.0,0.0
546,0.92,0.9,0.0,999.0,1.0,0.0,0.0,0.0
547,0.92,1.1,0.0,999.0,1.0,0.0,0.0,0.0
548,0.92,1.3,0.0,999.0,1.0,0.0,0.0,0.0
549,0.92,1.5,0.0,999.0,1.0,0.0,0.0,0.0
550,0.92,1.7,0.0,999.0,1.0,0.0,0.0,0.0
551,0.92,1.9,0.0,999.0,1.0,0.0,0.0,0.0
552,0.92,2.1,0.0,999.0,1.0,0.0,0.0,0.0
553,0.92,2.3,0.0,999.0,1.0,0.0,0.0,0.0
554,0.92,2.5,0.0,999.0,1.0,0.0,0.0,0.0
555,0.91,1.5,0.0,999.0,1.0,0.0,0.0,0.0
556,0.88,0.1,0.0,999.0,1.0,0.0,0.0,0.0
557,0.91,1.1,0.0,999.0,1.0,0.0,0.0,0.0
558,0.905,1.1,0.0,999.0,1.0,0.0,0.0,0.0
559,0.905,1.5,0.0,999.0,1.0,0.0,0.0,0.0
560,0.905,1.7,0.0,999.0,1.0,0.0,0.0,0.0
561,0.905,2.1,0.0,999.0,1.0,0.0,0.0,0.0
562,0.905,2.3,0.0,999.0,1.0,0.0,0.0,0.0
563,0.905,2.5,0.0,999.0,1.0,0.0,0.0,0.0
564,0.905,2.7,0.0,999.0,1.0,0.0,0.0,0.0
565,0.905,2.9,0.0,999.0,1.0,0.0,0.0,0.0
566,0.905,3.1,0.0,999.0,1.0,0.0,0.0,0.0
567,0.905,3.3,0.0,999.0,1.0,0.0,0.0,0.0
568,0.905,3.5,0.0,999.0,1.0,0.0,0.0,0.0
569,0.905,3.7,0.0,999.0,1.0,0.0,0.0,0.0
570,0.905,3.9,0.0,999.0,1.0,0.0,0.0,0.0
571,0.905,4.1,0.0,999.0,1.0,0.0,0.0,0.0
572,0.905,4.3,0.0,999.0,1.0,0.0,0.0,0.0
573,0.905,4.5,0.0,999.0,1.0,0.0,0.0,0.0
574,0.905,4.7,0.0,999.0,1.0,0.0,0.0,0.0
575,0.91,0.5,0.0,999.0,1.0,0.0,0.0,0.0
576,0.91,0.9,0.0,999.0,1.0,0.0,0.0,0.0
577,0.91,0.3,0.0,999.0,1.0,0.0,0.0,0.0
578,0.91,0.1,0.0,999.0,1.0,0.0,0.0,0.0
579,0.905,4.9,0.0,999.0,1.0,0.0,0.0,0.0
580,0.905,1.3,0.0,999.0,1.0,0.0,0.0,0.0
581,0.905,1.9,0.0,999.0,1.0,0.0,0.0,0.0
582,0.905,0.9,0.0,999.0,1.0,0.0,0.0,0.0
583,0.9,3.7,0.0,999.0,1.0,0.0,0.0,0.0
584,0.91,0.7,0.0,999.0,1.0,0.0,0.0,0.0
585,0.9,1.9,0.0,999.0,1.0,0.0,0.0,0.0
586,0.9,2.1,0.0,999.0,1.0,0.0,0.0,0.0
587,0.9,2.3,0.0,999.0,1.0,0.0,0.0,0.0
588,0.9,2.5,0.0,999.0,1.0,0.0,0.0,0.0
589,0.9,2.7,0.0,999.0,1.0,0.0,0.0,0.0
590,0.9,2.9,0.0,999.0,1.0,0.0,0.0,0.0
591,0.905,0.7,0.0,999.0,1.0,0.0,0.0,0.0
592,0.9,3.3,0.0,999.0,1.0,0.0,0.0,0.0
593,0.9,3.5,0.0,999.0,1.0,0.0,0.0,0.0
594,0.9,3.1,0.0,999.0,1.0,0.0,0.0,0.0
595,0.9,3.9,0.0,999.0,1.0,0.0,0.0,0.0
596,0.9,4.9,0.0,999.0,1.0,0.0,0.0,0.0
597,0.9,4.1,0.0,999.0,1.0,0.0,0.0,0.0
598,0.905,0.3,0.0,999.0,1.0,0.0,0.0,0.0
599,0.905,0.1,0.0,999.0,1.0,0.0,0.0,0.0
600,0.905,0.5,0.0,999.0,1.0,0.0,0.0,0.0
601,0.9,4.7,0.0,999.0,1.0,0.0,0.0,0.0
602,0.9,4.5,0.0,999.0,1.0,0.0,0.0,0.0
603,0.9,4.3,0.0,999.0,1.0,0.0,0.0,0.0
604,0.985,3.3,-0.4236191981315307,0.5149350236709723,-13.911663598766467,-0.8226653435059612,0.03045064992579986,-0.025050694381187913
605,0.985,4.9,-0.4236191981315307,0.5149350236709723,-13.911663598766467,-0.8226653435059612,0.03045064992579986,-0.025050694381187913
606,0.985,4.7,-0.4236191981315307,0.5149350236709723,-13.911663598766467,-0.8226653435059612,0.03045064992579986,-0.025050694381187913
607,0.985,4.5,-0.4236191981315307,0.5149350236709723,-13.911663598766467,-0.8226653435059612,0.03045064992579986,-0.025050694381187913
608,0.985,4.3,-0.4236191981315307,0.5149350236709723,-13.911663598766467,-0.8226653435059612,0.03045064992579986,-0.025050694381187913
609,0.985,4.1,-0.4236191981315307,0.5149350236709723,-13.911663598766467,-0.8226653435059612,0.03045064992579986,-0.025050694381187913
610,0.985,3.9,-0.4236191981315307,0.5149350236709723,-13.911663598766467,-0.8226653435059612,0.03045064992579986,-0.025050694381187913
611,0.985,3.7,-0.4236191981315307,0.5149350236709723,-13.911663598766467,-0.8226653435059612,0.03045064992579986,-0.025050694381187913
612,0.985,3.5,-0.4236191981315307,0.5149350236709723,-13.911663598766467,-0.8226653435059612,0.03045064992579986,-0.025050694381187913
613,0.985,1.1,-0.4236191981315307,0.5149350236709723,-13.911663598766467,-0.8226653435059612,0.03045064992579986,-0.025050694381187913
614,0.985,3.1,-0.4236191981315307,0.5149350236709723,-13.911663598766467,-0.8226653435059612,0.03045064992579986,-0.025050694381187913
615,0.985,1.7,-0.4236191981315307,0.5149350236709723,-13.911663598766467,-0.8226653435059612,0.03045064992579986,-0.025050694381187913
616,0.985,0.7,-0.4236191981315307,0.5149350236709723,-13.911663598766467,-0.8226653435059612,0.03045064992579986,-0.025050694381187913
617,0.985,2.9,-0.4236191981315307,0.5149350236709723,-13.911663598766467,-0.8226653435059612,0.03045064992579986,-0.025050694381187913
618,0.985,1.3,-0.4236191981315307,0.5149350236709723,-13.911663598766467,-0.8226653435059612,0.03045064992579986,-0.025050694381187913
619,0.985,1.5,-0.4236191981315307,0.5149350236709723,-13.911663598766467,-0.8226653435059612,0.03045064992579986,-0.025050694381187913
620,0.985,0.9,-0.4236191981315307,0.5149350236709723,-13.911663598766467,-0.8226653435059612,0.03045064992579986,-0.025050694381187913
621,0.985,1.9,-0.4236191981315307,0.5149350236709723,-13.911663598766467,-0.8226653435059612,0.03045064992579986,-0.025050694381187913
622,0.985,2.1,-0.4236191981315307,0.5149350236709723,-13.911663598766467,-0.8226653435059612,0.03045064992579986,-0.025050694381187913
623,0.985,2.3,-0.4236191981315307,0.5149350236709723,-13.911663598766467,-0.8226653435059612,0.03045064992579986,-0.025050694381187913
624,0.985,2.5,-0.4236191981315307,0.5149350236709723,-13.911663598766467,-0.8226653435059612,0.03045064992579986,-0.025050694381187913
625,0.985,2.7,-0.4236191981315307,0.5149350236709723,-13.911663598766467,-0.8226653435059612,0.03045064992579986,-0.025050694381187913
626,1.01,0.9,-1.2191524857336433,0.5426499325010191,-13.911663598766467,-2.246664769890769,0.08763527647705227,-0.19688708826063056
627,1.01,2.7,-1.2191524857336433,0.5426499325010191,-13.911663598766467,-2.246664769890769,0.08763527647705227,-0.19688708826063056
628,1.01,1.1,-1.2191524857336433,0.5426499325010191,-13.911663598766467,-2.246664769890769,0.08763527647705227,-0.19688708826063056
629,1.01,1.3,-1.2191524857336433,0.5426499325010191,-13.911663598766467,-2.246664769890769,0.08763527647705227,-0.19688708826063056
630,1.01,1.5,-1.2191524857336433,0.5426499325010191,-13.911663598766467,-2.246664769890769,0.08763527647705227,-0.19688708826063056
631,1.01,1.7,-1.2191524857336433,0.5426499325010191,-13.911663598766467,-2.246664769890769,0.08763527647705227,-0.19688708826063056
632,1.01,1.9,-1.2191524857336433,0.5426499325010191,-13.911663598766467,-2.246664769890769,0.08763527647705227,-0.19688708826063056
633,1.01,2.1,-1.2191524857336433,0.5426499325010191,-13.911663598766467,-2.246664769890769,0.08763527647705227,-0.19688708826063056
634,1.01,2.3,-1.2191524857336433,0.5426499325010191,-13.911663598766467,-2.246664769890769,0.08763527647705227,-0.19688708826063056
635,1.01,2.5,-1.2191524857336433,0.5426499325010191,-13.911663598766467,-2.246664769890769,0.08763527647705227,-0.19688708826063056
636,1.01,3.9,-1.2191524857336433,0.5426499325010191,-13.911663598766467,-2.246664769890769,0.08763527647705227,-0.19688708826063056
637,1.01,2.9,-1.2191524857336433,0.5426499325010191,-13.911663598766467,-2.246664769890769,0.08763527647705227,-0.19688708826063056
638,1.01,3.1,-1.2191524857336433,0.5426499325010191,-13.911663598766467,-2.246664769890769,0.08763527647705227,-0.19688708826063056
639,1.01,3.3,-1.2191524857336433,0.5426499325010191,-13.911663598766467,-2.246664769890769,0.08763527647705227,-0.19688708826063056
640,1.01,3.5,-1.2191524857336433,0.5426499325010191,-13.911663598766467,-2.246664769890769,0.08763527647705227,-0.19688708826063056
641,1.01,4.1,-1.2191524857336433,0.5426499325010191,-13.911663598766467,-2.246664769890769,0.08763527647705227,-0.19688708826063056
642,1.01,4.3,-1.2191524857336433,0.5426499325010191,-13.911663598766467,-2.246664769890769,0.08763527647705227,-0.19688708826063056
643,1.01,4.5,-1.2191524857336433,0.5426499325010191,-13.911663598766467,-2.246664769890769,0.08763527647705227,-0.19688708826063056
644,1.01,4.7,-1.2191524857336433,0.5426499325010191,-13.911663598766467,-2.246664769890769,0.08763527647705227,-0.19688708826063056
645,1.01,4.9,-1.2191524857336433,0.5426499325010191,-13.911663598766467,-2.246664769890769,0.08763527647705227,-0.19688708826063056
646,1.005,4.7,-1.2191524857336433,0.5426499325010191,-13.911663598766467,-2.246664769890769,0.08763527647705227,-0.19688708826063056
647,1.005,4.9,-1.2191524857336433,0.5426499325010191,-13.911663598766467,-2.246664769890769,0.08763527647705227,-0.19688708826063056
648,1.01,3.7,-1.2191524857336433,0.5426499325010191,-13.911663598766467,-2.246664769890769,0.08763527647705227,-0.19688708826063056
649,1.005,4.5,-1.2191524857336433,0.5426499325010191,-13.911663598766467,-2.246664769890769,0.08763527647705227,-0.19688708826063056
650,1.005,2.9,-1.2191524857336433,0.5426499325010191,-13.911663598766467,-2.246664769890769,0.08763527647705227,-0.19688708826063056
651,1.005,0.9,-1.2191524857336433,0.5426499325010191,-13.911663598766467,-2.246664769890769,0.08763527647705227,-0.19688708826063056
652,1.005,1.3,-1.2191524857336433,0.5426499325010191,-13.911663598766467,-2.246664769890769,0.08763527647705227,-0.19688708826063056
653,1.005,1.5,-1.2191524857336433,0.5426499325010191,-13.911663598766467,-2.246664769890769,0.08763527647705227,-0.19688708826063056
654,1.005,1.7,-1.2191524857336433,0.5426499325010191,-13.911663598766467,-2.246664769890769,0.08763527647705227,-0.19688708826063056
655,1.005,1.9,-1.2191524857336433,0.5426499325010191,-13.911663598766467,-2.246664769890769,0.08763527647705227,-0.19688708826063056
656,1.005,2.1,-1.2191524857336433,0.5426499325010191,-13.911663598766467,-2.246664769890769,0.08763527647705227,-0.19688708826063056
657,1.005,2.3,-1.2191524857336433,0.5426499325010191,-13.911663598766467,-2.246664769890769,0.08763527647705227,-0.19688708826063056
658,1.005,2.5,-1.2191524857336433,0.5426499325010191,-13.911663598766467,-2.246664769890769,0.08763527647705227,-0.19688708826063056
659,1.005,2.7,-1.2191524857336433,0.5426499325010191,-13.911663598766467,-2.246664769890769,0.08763527647705227,-0.19688708826063056
660,1.005,1.1,-1.2191524857336433,0.5426499325010191,-13.911663598766467,-2.246664769890769,0.08763527647705227,-0.19688708826063056
661,1.005,3.1,-1.2191524857336433,0.5426499325010191,-13.911663598766467,-2.246664769890769,0.08763527647705227,-0.19688708826063056
662,1.005,3.3,-1.2191524857336433,0.5426499325010191,-13.911663598766467,-2.246664769890769,0.08763527647705227,-0.19688708826063056
663,1.005,3.5,-1.2191524857336433,0.5426499325010191,-13.911663598766467,-2.246664769890769,0.08763527647705227,-0.19688708826063056
664,1.005,3.7,-1.2191524857336433,0.5426499325010191,-13.911663598766467,-2.246664769890769,0.08763527647705227,-0.19688708826063056
665,1.005,3.9,-1.2191524857336433,0.5426499325010191,-13.911663598766467,-2.246664769890769,0.08763527647705227,-0.19688708826063056
666,1.005,4.1,-1.2191524857336433,0.5426499325010191,-13.911663598766467,-2.246664769890769,0.08763527647705227,-0.19688708826063056
667,1.005,4.3,-1.2191524857336433,0.5426499325010191,-13.911663598766467,-2.246664769890769,0.08763527647705227,-0.19688708826063056
668,1.01,0.5,-1.9602300563719033,0.30461984983004403,-7.9463608584605545,-6.435004342184433,0.24668273833610646,-1.5874044923347914
669,1.005,0.5,-1.9602300563719033,0.30461984983004403,-7.9463608584605545,-6.435004342184433,0.24668273833610646,-1.5874044923347914
670,1.01,0.7,-12.076512601264133,0.40583294498347583,-13.911663598766467,-29.757349053453137,0.8680854389215497,-25.831921414208626
671,1.005,0.7,-12.076512601264133,0.40583294498347583,-13.911663598766467,-29.757349053453137,0.8680854389215497,-25.831921414208626
672,0.95,3.5,-1.271252839790482,0.027921389599660618,-1.0664167424744297,-45.52971245406547,1.192078846062344,-54.275007083792694
673,0.95,3.3,-1.271252839790482,0.027921389599660618,-1.0664167424744297,-45.52971245406547,1.192078846062344,-54.275007083792694
674,0.95,3.1,-1.271252839790482,0.027921389599660618,-1.0664167424744297,-45.52971245406547,1.192078846062344,-54.275007083792694
675,0.95,2.5,-1.271252839790482,0.027921389599660618,-1.0664167424744297,-45.52971245406547,1.192078846062344,-54.275007083792694
676,0.95,2.9,-1.271252839790482,0.027921389599660618,-1.0664167424744297,-45.52971245406547,1.192078846062344,-54.275007083792694
677,0.95,2.7,-1.271252839790482,0.027921389599660618,-1.0664167424744297,-45.52971245406547,1.192078846062344,-54.275007083792694
678,0.95,3.9,-1.271252839790482,0.027921389599660618,-1.0664167424744297,-45.52971245406547,1.192078846062344,-54.275007083792694
679,0.95,2.3,-1.271252839790482,0.027921389599660618,-1.0664167424744297,-45.52971245406547,1.192078846062344,-54.275007083792694
680,0.95,3.7,-1.271252839790482,0.027921389599660618,-1.0664167424744297,-45.52971245406547,1.192078846062344,-54.275007083792694
681,0.95,4.9,-1.271252839790482,0.027921389599660618,-1.0664167424744297,-45.52971245406547,1.192078846062344,-54.275007083792694
682,0.95,4.1,-1.271252839790482,0.027921389599660618,-1.0664167424744297,-45.52971245406547,1.192078846062344,-54.275007083792694
683,0.95,4.3,-1.271252839790482,0.027921389599660618,-1.0664167424744297,-45.52971245406547,1.192078846062344,-54.275007083792694
684,0.95,4.5,-1.271252839790482,0.027921389599660618,-1.0664167424744297,-45.52971245406547,1.192078846062344,-54.275007083792694
685,0.95,4.7,-1.271252839790482,0.027921389599660618,-1.0664167424744297,-45.52971245406547,1.192078846062344,-54.275007083792694
686,0.955,0.7,-1.271252839790482,0.027921389599660618,-1.0664167424744297,-45.52971245406547,1.192078846062344,-54.275007083792694
687,0.955,0.9,-1.271252839790482,0.027921389599660618,-1.0664167424744297,-45.52971245406547,1.192078846062344,-54.275007083792694
688,0.955,1.1,-1.271252839790482,0.027921389599660618,-1.0664167424744297,-45.52971245406547,1.192078846062344,-54.275007083792694
689,0.93,0.7,-1.271252839790482,0.027921389599660618,-1.0664167424744297,-45.52971245406547,1.192078846062344,-54.275007083792694
690,0.95,2.1,-1.271252839790482,0.027921389599660618,-1.0664167424744297,-45.52971245406547,1.192078846062344,-54.275007083792694
691,0.93,3.1,-1.271252839790482,0.027921389599660618,-1.0664167424744297,-45.52971245406547,1.192078846062344,-54.275007083792694
692,0.93,0.9,-1.271252839790482,0.027921389599660618,-1.0664167424744297,-45.52971245406547,1.192078846062344,-54.275007083792694
693,0.93,1.1,-1.271252839790482,0.027921389599660618,-1.0664167424744297,-45.52971245406547,1.192078846062344,-54.275007083792694
694,0.93,4.5,-1.271252839790482,0.027921389599660618,-1.0664167424744297,-45.52971245406547,1.192078846062344,-54.275007083792694
695,0.93,4.3,-1.271252839790482,0.027921389599660618,-1.0664167424744297,-45.52971245406547,1.192078846062344,-54.275007083792694
696,0.93,4.1,-1.271252839790482,0.027921389599660618,-1.0664167424744297,-45.52971245406547,1.192078846062344,-54.275007083792694
697,0.93,3.9,-1.271252839790482,0.027921389599660618,-1.0664167424744297,-45.52971245406547,1.192078846062344,-54.275007083792694
698,0.93,3.7,-1.271252839790482,0.027921389599660618,-1.0664167424744297,-45.52971245406547,1.192078846062344,-54.275007083792694
699,0.93,3.5,-1.271252839790482,0.027921389599660618,-1.0664167424744297,-45.52971245406547,1.192078846062344,-54.275007083792694
700,0.93,3.3,-1.271252839790482,0.027921389599660618,-1.0664167424744297,-45.52971245406547,1.192078846062344,-54.275007083792694
701,0.955,1.5,-1.271252839790482,0.027921389599660618,-1.0664167424744297,-45.52971245406547,1.192078846062344,-54.275007083792694
702,0.93,2.9,-1.271252839790482,0.027921389599660618,-1.0664167424744297,-45.52971245406547,1.192078846062344,-54.275007083792694
703,0.93,2.7,-1.271252839790482,0.027921389599660618,-1.0664167424744297,-45.52971245406547,1.192078846062344,-54.275007083792694
704,0.93,2.5,-1.271252839790482,0.027921389599660618,-1.0664167424744297,-45.52971245406547,1.192078846062344,-54.275007083792694
705,0.93,2.3,-1.271252839790482,0.027921389599660618,-1.0664167424744297,-45.52971245406547,1.192078846062344,-54.275007083792694
706,0.93,2.1,-1.271252839790482,0.027921389599660618,-1.0664167424744297,-45.52971245406547,1.192078846062344,-54.275007083792694
707,0.93,1.9,-1.271252839790482,0.027921389599660618,-1.0664167424744297,-45.52971245406547,1.192078846062344,-54.275007083792694
708,0.93,1.7,-1.271252839790482,0.027921389599660618,-1.0664167424744297,-45.52971245406547,1.192078846062344,-54.275007083792694
709,0.93,1.5,-1.271252839790482,0.027921389599660618,-1.0664167424744297,-45.52971245406547,1.192078846062344,-54.275007083792694
710,0.93,1.3,-1.271252839790482,0.027921389599660618,-1.0664167424744297,-45.52971245406547,1.192078846062344,-54.275007083792694
711,0.955,1.3,-1.271252839790482,0.027921389599660618,-1.0664167424744297,-45.52971245406547,1.192078846062344,-54.275007083792694
712,0.955,3.7,-1.271252839790482,0.027921389599660618,-1.0664167424744297,-45.52971245406547,1.192078846062344,-54.275007083792694
713,0.955,1.7,-1.271252839790482,0.027921389599660618,-1.0664167424744297,-45.52971245406547,1.192078846062344,-54.275007083792694
714,0.955,1.9,-1.271252839790482,0.027921389599660618,-1.0664167424744297,-45.52971245406547,1.192078846062344,-54.275007083792694
715,0.96,1.7,-1.271252839790482,0.027921389599660618,-1.0664167424744297,-45.52971245406547,1.192078846062344,-54.275007083792694
716,0.96,1.9,-1.271252839790482,0.027921389599660618,-1.0664167424744297,-45.52971245406547,1.192078846062344,-54.275007083792694
717,0.96,2.1,-1.271252839790482,0.027921389599660618,-1.0664167424744297,-45.52971245406547,1.192078846062344,-54.275007083792694
718,0.96,2.3,-1.271252839790482,0.027921389599660618,-1.0664167424744297,-45.52971245406547,1.192078846062344,-54.275007083792694
719,0.96,2.5,-1.271252839790482,0.027921389599660618,-1.0664167424744297,-45.52971245406547,1.192078846062344,-54.275007083792694
720,0.96,2.7,-1.271252839790482,0.027921389599660618,-1.0664167424744297,-45.52971245406547,1.192078846062344,-54.275007083792694
721,0.96,2.9,-1.271252839790482,0.027921389599660618,-1.0664167424744297,-45.52971245406547,1.192078846062344,-54.275007083792694
722,0.96,3.1,-1.271252839790482,0.027921389599660618,-1.0664167424744297,-45.52971245406547,1.192078846062344,-54.275007083792694
723,0.96,3.3,-1.271252839790482,0.027921389599660618,-1.0664167424744297,-45.52971245406547,1.192078846062344,-54.275007083792694
724,0.96,3.5,-1.271252839790482,0.027921389599660618,-1.0664167424744297,-45.52971245406547,1.192078846062344,-54.275007083792694
725,0.96,3.7,-1.271252839790482,0.027921389599660618,-1.0664167424744297,-45.52971245406547,1.192078846062344,-54.275007083792694
726,0.96,3.9,-1.271252839790482,0.027921389599660618,-1.0664167424744297,-45.52971245406547,1.192078846062344,-54.275007083792694
727,0.96,4.1,-1.271252839790482,0.027921389599660618,-1.0664167424744297,-45.52971245406547,1.192078846062344,-54.275007083792694
728,0.96,4.3,-1.271252839790482,0.027921389599660618,-1.0664167424744297,-45.52971245406547,1.192078846062344,-54.275007083792694
729,0.96,4.5,-1.271252839790482,0.027921389599660618,-1.0664167424744297,-45.52971245406547,1.192078846062344,-54.275007083792694
730,0.96,4.7,-1.271252839790482,0.027921389599660618,-1.0664167424744297,-45.52971245406547,1.192078846062344,-54.275007083792694
731,0.96,4.9,-1.271252839790482,0.027921389599660618,-1.0664167424744297,-45.52971245406547,1.192078846062344,-54.275007083792694
732,0.96,1.5,-1.271252839790482,0.027921389599660618,-1.0664167424744297,-45.52971245406547,1.192078846062344,-54.275007083792694
733,0.96,1.3,-1.271252839790482,0.027921389599660618,-1.0664167424744297,-45.52971245406547,1.192078846062344,-54.275007083792694
734,0.96,1.1,-1.271252839790482,0.027921389599660618,-1.0664167424744297,-45.52971245406547,1.192078846062344,-54.275007083792694
735,0.955,3.5,-1.271252839790482,0.027921389599660618,-1.0664167424744297,-45.52971245406547,1.192078846062344,-54.275007083792694
736,0.955,2.1,-1.271252839790482,0.027921389599660618,-1.0664167424744297,-45.52971245406547,1.192078846062344,-54.275007083792694
737,0.955,2.3,-1.271252839790482,0.027921389599660618,-1.0664167424744297,-45.52971245406547,1.192078846062344,-54.275007083792694
738,0.955,2.5,-1.271252839790482,0.027921389599660618,-1.0664167424744297,-45.52971245406547,1.192078846062344,-54.275007083792694
739,0.955,2.7,-1.271252839790482,0.027921389599660618,-1.0664167424744297,-45.52971245406547,1.192078846062344,-54.275007083792694
740,0.955,2.9,-1.271252839790482,0.027921389599660618,-1.0664167424744297,-45.52971245406547,1.192078846062344,-54.275007083792694
741,0.955,3.1,-1.271252839790482,0.027921389599660618,-1.0664167424744297,-45.52971245406547,1.192078846062344,-54.275007083792694
742,0.955,3.3,-1.271252839790482,0.027921389599660618,-1.0664167424744297,-45.52971245406547,1.192078846062344,-54.275007083792694
743,0.93,4.9,-1.271252839790482,0.027921389599660618,-1.0664167424744297,-45.52971245406547,1.192078846062344,-54.275007083792694
744,0.96,0.9,-1.271252839790482,0.027921389599660618,-1.0664167424744297,-45.52971245406547,1.192078846062344,-54.275007083792694
745,0.955,3.9,-1.271252839790482,0.027921389599660618,-1.0664167424744297,-45.52971245406547,1.192078846062344,-54.275007083792694
746,0.955,4.1,-1.271252839790482,0.027921389599660618,-1.0664167424744297,-45.52971245406547,1.192078846062344,-54.275007083792694
747,0.955,4.3,-1.271252839790482,0.027921389599660618,-1.0664167424744297,-45.52971245406547,1.192078846062344,-54.275007083792694
748,0.955,4.5,-1.271252839790482,0.027921389599660618,-1.0664167424744297,-45.52971245406547,1.192078846062344,-54.275007083792694
749,0.955,4.7,-1.271252839790482,0.027921389599660618,-1.0664167424744297,-45.52971245406547,1.192078846062344,-54.275007083792694
750,0.955,4.9,-1.271252839790482,0.027921389599660618,-1.0664167424744297,-45.52971245406547,1.192078846062344,-54.275007083792694
751,0.96,0.7,-1.271252839790482,0.027921389599660618,-1.0664167424744297,-45.52971245406547,1.192078846062344,-54.275007083792694
752,0.93,4.7,-1.271252839790482,0.027921389599660618,-1.0664167424744297,-45.52971245406547,1.192078846062344,-54.275007083792694
753,0.935,1.3,-1.271252839790482,0.027921389599660618,-1.0664167424744297,-45.52971245406547,1.192078846062344,-54.275007083792694
754,0.94,3.5,-1.271252839790482,0.027921389599660618,-1.0664167424744297,-45.52971245406547,1.192078846062344,-54.275007083792694
755,0.94,1.9,-1.271252839790482,0.027921389599660618,-1.0664167424744297,-45.52971245406547,1.192078846062344,-54.275007083792694
756,0.94,4.5,-1.271252839790482,0.027921389599660618,-1.0664167424744297,-45.52971245406547,1.192078846062344,-54.275007083792694
757,0.94,4.3,-1.271252839790482,0.027921389599660618,-1.0664167424744297,-45.52971245406547,1.192078846062344,-54.275007083792694
758,0.94,4.1,-1.271252839790482,0.027921389599660618,-1.0664167424744297,-45.52971245406547,1.192078846062344,-54.275007083792694
759,0.94,3.9,-1.271252839790482,0.027921389599660618,-1.0664167424744297,-45.52971245406547,1.192078846062344,-54.275007083792694
760,0.94,3.7,-1.271252839790482,0.027921389599660618,-1.0664167424744297,-45.52971245406547,1.192078846062344,-54.275007083792694
761,0.945,4.1,-1.271252839790482,0.027921389599660618,-1.0664167424744297,-45.52971245406547,1.192078846062344,-54.275007083792694
762,0.94,3.3,-1.271252839790482,0.027921389599660618,-1.0664167424744297,-45.52971245406547,1.192078846062344,-54.275007083792694
763,0.94,3.1,-1.271252839790482,0.027921389599660618,-1.0664167424744297,-45.52971245406547,1.192078846062344,-54.275007083792694
764,0.94,2.9,-1.271252839790482,0.027921389599660618,-1.0664167424744297,-45.52971245406547,1.192078846062344,-54.275007083792694
765,0.945,4.3,-1.271252839790482,0.027921389599660618,-1.0664167424744297,-45.52971245406547,1.192078846062344,-54.275007083792694
766,0.945,4.5,-1.271252839790482,0.027921389599660618,-1.0664167424744297,-45.52971245406547,1.192078846062344,-54.275007083792694
767,0.945,4.7,-1.271252839790482,0.027921389599660618,-1.0664167424744297,-45.52971245406547,1.192078846062344,-54.275007083792694
768,0.94,2.7,-1.271252839790482,0.027921389599660618,-1.0664167424744297,-45.52971245406547,1.192078846062344,-54.275007083792694
769,0.94,2.5,-1.271252839790482,0.027921389599660618,-1.0664167424744297,-45.52971245406547,1.192078846062344,-54.275007083792694
770,0.94,2.3,-1.271252839790482,0.027921389599660618,-1.0664167424744297,-45.52971245406547,1.192078846062344,-54.275007083792694
771,0.94,4.7,-1.271252839790482,0.027921389599660618,-1.0664167424744297,-45.52971245406547,1.192078846062344,-54.275007083792694
772,0.94,4.9,-1.271252839790482,0.027921389599660618,-1.0664167424744297,-45.52971245406547,1.192078846062344,-54.275007083792694
773,0.945,3.9,-1.271252839790482,0.027921389599660618,-1.0664167424744297,-45.52971245406547,1.192078846062344,-54.275007083792694
774,0.945,1.9,-1.271252839790482,0.027921389599660618,-1.0664167424744297,-45.52971245406547,1.192078846062344,-54.275007083792694
775,0.945,2.5,-1.271252839790482,0.027921389599660618,-1.0664167424744297,-45.52971245406547,1.192078846062344,-54.275007083792694
776,0.945,2.3,-1.271252839790482,0.027921389599660618,-1.0664167424744297,-45.52971245406547,1.192078846062344,-54.275007083792694
777,0.945,3.1,-1.271252839790482,0.027921389599660618,-1.0664167424744297,-45.52971245406547,1.192078846062344,-54.275007083792694
778,0.945,3.3,-1.271252839790482,0.027921389599660618,-1.0664167424744297,-45.52971245406547,1.192078846062344,-54.275007083792694
779,0.945,3.5,-1.271252839790482,0.027921389599660618,-1.0664167424744297,-45.52971245406547,1.192078846062344,-54.275007083792694
780,0.945,2.1,-1.271252839790482,0.027921389599660618,-1.0664167424744297,-45.52971245406547,1.192078846062344,-54.275007083792694
781,0.945,1.7,-1.271252839790482,0.027921389599660618,-1.0664167424744297,-45.52971245406547,1.192078846062344,-54.275007083792694
782,0.945,3.7,-1.271252839790482,0.027921389599660618,-1.0664167424744297,-45.52971245406547,1.192078846062344,-54.275007083792694
783,0.945,1.5,-1.271252839790482,0.027921389599660618,-1.0664167424744297,-45.52971245406547,1.192078846062344,-54.275007083792694
784,0.945,1.3,-1.271252839790482,0.027921389599660618,-1.0664167424744297,-45.52971245406547,1.192078846062344,-54.275007083792694
785,0.945,1.1,-1.271252839790482,0.027921389599660618,-1.0664167424744297,-45.52971245406547,1.192078846062344,-54.275007083792694
786,0.945,0.9,-1.271252839790482,0.027921389599660618,-1.0664167424744297,-45.52971245406547,1.192078846062344,-54.275007083792694
787,0.945,0.7,-1.271252839790482,0.027921389599660618,-1.0664167424744297,-45.52971245406547,1.192078846062344,-54.275007083792694
788,0.95,1.9,-1.271252839790482,0.027921389599660618,-1.0664167424744297,-45.52971245406547,1.192078846062344,-54.275007083792694
789,0.945,2.9,-1.271252839790482,0.027921389599660618,-1.0664167424744297,-45.52971245406547,1.192078846062344,-54.275007083792694
790,0.94,2.1,-1.271252839790482,0.027921389599660618,-1.0664167424744297,-45.52971245406547,1.192078846062344,-54.275007083792694
791,0.94,1.7,-1.271252839790482,0.027921389599660618,-1.0664167424744297,-45.52971245406547,1.192078846062344,-54.275007083792694
792,0.935,2.1,-1.271252839790482,0.027921389599660618,-1.0664167424744297,-45.52971245406547,1.192078846062344,-54.275007083792694
793,0.935,3.5,-1.271252839790482,0.027921389599660618,-1.0664167424744297,-45.52971245406547,1.192078846062344,-54.275007083792694
794,0.935,3.3,-1.271252839790482,0.027921389599660618,-1.0664167424744297,-45.52971245406547,1.192078846062344,-54.275007083792694
795,0.935,3.1,-1.271252839790482,0.027921389599660618,-1.0664167424744297,-45.52971245406547,1.192078846062344,-54.275007083792694
796,0.935,2.9,-1.271252839790482,0.027921389599660618,-1.0664167424744297,-45.52971245406547,1.192078846062344,-54.275007083792694
797,0.935,2.7,-1.271252839790482,0.027921389599660618,-1.0664167424744297,-45.52971245406547,1.192078846062344,-54.275007083792694
798,0.935,2.5,-1.271252839790482,0.027921389599660618,-1.0664167424744297,-45.52971245406547,1.192078846062344,-54.275007083792694
799,0.935,2.3,-1.271252839790482,0.027921389599660618,-1.0664167424744297,-45.52971245406547,1.192078846062344,-54.275007083792694
800,0.935,1.9,-1.271252839790482,0.027921389599660618,-1.0664167424744297,-45.52971245406547,1.192078846062344,-54.275007083792694
801,0.935,3.9,-1.271252839790482,0.027921389599660618,-1.0664167424744297,-45.52971245406547,1.192078846062344,-54.275007083792694
802,0.935,1.7,-1.271252839790482,0.027921389599660618,-1.0664167424744297,-45.52971245406547,1.192078846062344,-54.275007083792694
803,0.935,1.5,-1.271252839790482,0.027921389599660618,-1.0664167424744297,-45.52971245406547,1.192078846062344,-54.275007083792694
804,0.95,1.5,-1.271252839790482,0.027921389599660618,-1.0664167424744297,-45.52971245406547,1.192078846062344,-54.275007083792694
805,0.935,1.1,-1.271252839790482,0.027921389599660618,-1.0664167424744297,-45.52971245406547,1.192078846062344,-54.275007083792694
806,0.935,0.9,-1.271252839790482,0.027921389599660618,-1.0664167424744297,-45.52971245406547,1.192078846062344,-54.275007083792694
807,0.935,0.7,-1.271252839790482,0.027921389599660618,-1.0664167424744297,-45.52971245406547,1.192078846062344,-54.275007083792694
808,0.95,1.3,-1.271252839790482,0.027921389599660618,-1.0664167424744297,-45.52971245406547,1.192078846062344,-54.275007083792694
809,0.935,3.7,-1.271252839790482,0.027921389599660618,-1.0664167424744297,-45.52971245406547,1.192078846062344,-54.275007083792694
810,0.935,4.1,-1.271252839790482,0.027921389599660618,-1.0664167424744297,-45.52971245406547,1.192078846062344,-54.275007083792694
811,0.94,1.5,-1.271252839790482,0.027921389599660618,-1.0664167424744297,-45.52971245406547,1.192078846062344,-54.275007083792694
812,0.935,4.3,-1.271252839790482,0.027921389599660618,-1.0664167424744297,-45.52971245406547,1.192078846062344,-54.275007083792694
813,0.94,1.3,-1.271252839790482,0.027921389599660618,-1.0664167424744297,-45.52971245406547,1.192078846062344,-54.275007083792694
814,0.94,1.1,-1.271252839790482,0.027921389599660618,-1.0664167424744297,-45.52971245406547,1.192078846062344,-54.275007083792694
815,0.94,0.9,-1.271252839790482,0.027921389599660618,-1.0664167424744297,-45.52971245406547,1.192078846062344,-54.275007083792694
816,0.94,0.7,-1.271252839790482,0.027921389599660618,-1.0664167424744297,-45.52971245406547,1.192078846062344,-54.275007083792694
817,0.945,4.9,-1.271252839790482,0.027921389599660618,-1.0664167424744297,-45.52971245406547,1.192078846062344,-54.275007083792694
818,0.95,0.7,-1.271252839790482,0.027921389599660618,-1.0664167424744297,-45.52971245406547,1.192078846062344,-54.275007083792694
819,0.935,4.9,-1.271252839790482,0.027921389599660618,-1.0664167424744297,-45.52971245406547,1.192078846062344,-54.275007083792694
820,0.95,0.9,-1.271252839790482,0.027921389599660618,-1.0664167424744297,-45.52971245406547,1.192078846062344,-54.275007083792694
821,0.95,1.1,-1.271252839790482,0.027921389599660618,-1.0664167424744297,-45.52971245406547,1.192078846062344,-54.275007083792694
822,0.95,1.7,-1.271252839790482,0.027921389599660618,-1.0664167424744297,-45.52971245406547,1.192078846062344,-54.275007083792694
823,0.935,4.7,-1.271252839790482,0.027921389599660618,-1.0664167424744297,-45.52971245406547,1.192078846062344,-54.275007083792694
824,0.935,4.5,-1.271252839790482,0.027921389599660618,-1.0664167424744297,-45.52971245406547,1.192078846062344,-54.275007083792694
825,0.945,2.7,-1.271252839790482,0.027921389599660618,-1.0664167424744297,-45.52971245406547,1.192078846062344,-54.275007083792694
826,0.925,0.5,-7.626543952854714,0.11495161615998307,-4.5221723966118565,-66.34568706055013,1.6864779322806762,-111.8905371296174
827,0.925,0.3,-4.658442428002852,0.0697612937207122,-2.7443946188340673,-66.77689273729388,1.697438989288629,-113.34970131582732
828,0.925,0.1,-1.6513316604788164,0.024570971281441617,-0.9666168410562892,-67.20660903324007,1.708362186897439,-114.81322958198719
829,0.95,0.5,-9.307464039226133,0.11722552887070616,-5.539537329699595,-79.39792747270772,1.680187980560259,-133.4034434210387
830,0.945,0.5,-9.307464039226133,0.11722552887070616,-5.539537329699595,-79.39792747270772,1.680187980560259,-133.4034434210387
831,0.96,0.5,-9.307464039226133,0.11722552887070616,-5.539537329699595,-79.39792747270772,1.680187980560259,-133.4034434210387
832,0.955,0.5,-9.307464039226133,0.11722552887070616,-5.539537329699595,-79.39792747270772,1.680187980560259,-133.4034434210387
833,0.935,0.5,-9.307464039226133,0.11722552887070616,-5.539537329699595,-79.39792747270772,1.680187980560259,-133.4034434210387
834,0.93,0.5,-9.307464039226133,0.11722552887070616,-5.539537329699595,-79.39792747270772,1.680187980560259,-133.4034434210387
835,0.94,0.5,-9.307464039226133,0.11722552887070616,-5.539537329699595,-79.39792747270772,1.680187980560259,-133.4034434210387
836,0.955,0.3,-6.393373067676144,0.07388524804106063,-3.780702680555259,-86.53111733648268,1.6910541790440847,-146.32880758921308
837,0.96,0.3,-6.393373067676144,0.07388524804106063,-3.780702680555259,-86.53111733648268,1.6910541790440847,-146.32880758921308
838,0.95,0.3,-6.393373067676144,0.07388524804106063,-3.780702680555259,-86.53111733648268,1.6910541790440847,-146.32880758921308
839,0.94,0.3,-6.393373067676144,0.07388524804106063,-3.780702680555259,-86.53111733648268,1.6910541790440847,-146.32880758921308
840,0.93,0.3,-6.393373067676144,0.07388524804106063,-3.780702680555259,-86.53111733648268,1.6910541790440847,-146.32880758921308
841,0.945,0.3,-6.393373067676144,0.07388524804106063,-3.780702680555259,-86.53111733648268,1.6910541790440847,-146.32880758921308
842,0.935,0.3,-6.393373067676144,0.07388524804106063,-3.780702680555259,-86.53111733648268,1.6910541790440847,-146.32880758921308
843,0.935,0.1,-3.674318145956934,0.03844731080665424,-2.1600504073374993,-95.56762407739072,1.7010335191602945,-162.56373190215203
844,0.945,0.1,-3.674318145956934,0.03844731080665424,-2.1600504073374993,-95.56762407739072,1.7010335191602945,-162.56373190215203
845,0.955,0.1,-3.674318145956934,0.03844731080665424,-2.1600504073374993,-95.56762407739072,1.7010335191602945,-162.56373190215203
846,0.95,0.1,-3.674318145956934,0.03844731080665424,-2.1600504073374993,-95.56762407739072,1.7010335191602945,-162.56373190215203
847,0.94,0.1,-3.674318145956934,0.03844731080665424,-2.1600504073374993,-95.56762407739072,1.7010335191602945,-162.56373190215203
848,0.93,0.1,-3.674318145956934,0.03844731080665424,-2.1600504073374993,-95.56762407739072,1.7010335191602945,-162.56373190215203
849,0.96,0.1,-3.674318145956934,0.03844731080665424,-2.1600504073374993,-95.56762407739072,1.7010335191602945,-162.56373190215203
