,Ratio,Stop,CAGR,StDev,DrawDown,Sharpe,MaR,SM
0,0.91,4.7,31.72576373,0.194598248,-18.72126802,163.0321137,1.694637548,276.2803415
1,0.91,4.9,31.69076111,0.19459154,-18.72126802,162.8578564,1.692767877,275.6805478
2,0.91,4.5,30.42700798,0.196157737,-18.72126802,155.1150033,1.625264269,252.1028724
3,0.91,3.9,30.25345473,0.195416962,-18.72126802,154.8148859,1.61599389,250.1799097
4,0.91,4.1,30.09096509,0.195603275,-18.72126802,153.8367143,1.607314476,247.2639778
5,0.91,4.3,29.92828906,0.195803152,-18.72126802,152.8488624,1.598625105,244.3480288
6,0.905,4.7,26.7233589,0.18587349,-15.72682197,143.7717602,1.699221811,244.3001107
7,0.905,4.9,26.68967596,0.185906292,-15.72682197,143.5652106,1.697080059,243.6416562
8,0.91,0.1,14.22120005,0.107783806,-7.737192551,131.9418995,1.838031037,242.5133063
9,0.935,4.7,31.07920354,0.222884406,-18.23549069,139.4409064,1.704325048,237.6526295
10,0.935,4.9,31.04437273,0.222878554,-18.23549069,139.2882902,1.702414992,237.1264735
11,0.91,3.1,29.03877717,0.197337634,-18.72126802,147.1527586,1.551111663,228.2503602
12,0.91,3.5,29.04234011,0.198205069,-18.72126802,146.5267273,1.551301978,227.307202
13,0.91,3.3,28.80030008,0.197676102,-18.72126802,145.6943948,1.538373365,224.1323764
14,0.91,3.7,28.81472171,0.198585008,-18.72126802,145.1001863,1.539143699,223.3300375
15,0.905,4.5,25.47393404,0.187457731,-15.72682197,135.8916163,1.619776335,220.1140241
16,0.905,3.9,25.30699989,0.18656085,-15.72682197,135.6501105,1.60916172,218.2829652
17,0.935,4.5,29.78682259,0.224247449,-18.23549069,132.8301511,1.633453308,216.9718497
18,0.905,4.1,25.15067151,0.18679513,-15.72682197,134.6430796,1.59922148,215.324105
19,0.935,3.9,29.6141212,0.223599782,-18.23549069,132.4425316,1.623982689,215.0843786
20,0.935,4.1,29.45242913,0.223762653,-18.23549069,131.6235252,1.6151158,212.5872351
21,0.905,4.3,24.99416381,0.18704343,-15.72682197,133.6275955,1.589269839,212.3703072
22,0.935,4.3,29.29055157,0.22393742,-18.23549069,130.7979324,1.606238739,210.0927061
23,0.93,4.7,30.37159477,0.216763154,-20.48964026,140.114195,1.482290289,207.6899105
24,0.93,4.9,30.33695199,0.216757104,-20.48964026,139.9582823,1.480599542,207.2221686
25,0.91,0.9,24.86190209,0.174254251,-17.17484306,142.6760146,1.447576668,206.5344698
26,0.91,1.1,25.49037086,0.179981713,-17.70816214,141.6275604,1.439470152,203.8686459
27,0.91,2.7,28.55493181,0.198154046,-20.65794734,144.104712,1.382273434,199.1921151
28,0.935,0.9,28.48689133,0.193171968,-21.2890327,147.4690745,1.338101723,197.3286226
29,0.91,2.5,28.20624683,0.198902765,-20.42098834,141.8092243,1.381238085,195.8723014
30,0.935,3.5,28.40894897,0.226040705,-18.23549069,125.6806777,1.557893311,195.7970872
31,0.935,3.7,28.1824478,0.226373962,-18.23549069,124.4950946,1.545472413,192.4037342
32,0.935,1.1,26.94607341,0.201683153,-18.71375414,133.6059709,1.439907418,192.3802286
33,0.935,3.1,28.12379435,0.225798619,-18.23549069,124.5525525,1.542255969,192.0919175
34,0.93,4.5,29.08619051,0.218163285,-20.48964026,133.3230316,1.419555939,189.2595013
35,0.935,2.7,27.86383364,0.226106008,-18.23549069,123.2334953,1.528000212,188.300807
36,0.91,2.9,27.95963793,0.198855308,-20.89490634,140.602925,1.338107837,188.1418759
37,0.935,1.5,28.41703184,0.215839267,-19.89035824,131.6583041,1.428683762,188.0980811
38,0.905,3.1,24.13848756,0.188404399,-16.44718832,128.1206158,1.467636115,188.0344428
39,0.93,3.9,28.91442143,0.21749732,-20.48964026,132.9415065,1.411172722,187.6034276
40,0.935,3.3,27.77604434,0.226318081,-18.23549069,122.7301162,1.523186012,186.9407962
41,0.935,2.1,27.66573643,0.22460424,-18.23549069,123.175486,1.517136934,186.8740791
42,1,4.7,35.31340243,0.279376341,-24.06929788,126.4008336,1.467155486,185.4496765
43,0.93,4.1,28.75360222,0.21766461,-20.48964026,132.1004924,1.403323917,185.3797804
44,1,4.9,35.27744649,0.279371845,-24.06929788,126.2741651,1.465661635,185.0751994
45,0.91,1.7,27.95285074,0.193722864,-21.85864624,144.2929874,1.278800637,184.5219642
46,0.935,2.5,27.55823949,0.226650327,-18.23549069,121.589233,1.511242004,183.7507562
47,0.93,4.3,28.59259853,0.217844124,-20.48964026,131.2525581,1.395466107,183.1584963
48,0.905,3.5,24.14189668,0.18939266,-16.8526625,127.4700758,1.432527156,182.6043452
49,0.905,3.3,23.90905748,0.188797417,-16.64992541,126.6386893,1.435985862,181.8513674
50,0.91,2.1,27.96827811,0.197081697,-21.95552488,141.912103,1.273860601,180.7762367
51,0.935,1.7,28.40174927,0.221339845,-20.17878585,128.3173812,1.407505361,180.607402
52,0.94,0.9,27.74604998,0.197057227,-21.63693392,140.8019917,1.282346662,180.5569641
53,0.915,4.7,27.68478676,0.201988695,-21.08398844,137.0610703,1.313071616,179.9710011
54,0.915,4.9,27.65085793,0.20198208,-21.08398844,136.8975798,1.311462393,179.5360276
55,0.93,0.9,25.55437867,0.190190454,-19.13527477,134.3620467,1.335459196,179.4350309
56,0.935,2.3,27.13653872,0.226164077,-18.23549069,119.9860696,1.488116728,178.5532773
57,0.935,2.9,27.16219706,0.226916811,-18.23549069,119.7011228,1.489523782,178.2976692
58,0.905,3.7,23.92291292,0.189828499,-17.05539958,126.0238221,1.402659187,176.7684719
59,0.93,1.1,24.82346035,0.198484045,-17.72306324,125.0652685,1.400630355,175.1702114
60,0.94,4.7,29.21610675,0.22742483,-21.79025529,128.4648944,1.340787722,172.2441531
61,0.915,0.9,22.45464886,0.178277788,-16.42355259,125.9531494,1.367222392,172.2059663
62,0.935,1.3,25.73258451,0.211471233,-18.21692437,121.683617,1.412564711,171.8859833
63,0.94,4.9,29.18177101,0.227419035,-21.79025529,128.317188,1.339211984,171.8439159
64,0.93,3.1,27.71222878,0.219223727,-20.48964026,126.4107184,1.352499528,170.970437
65,1,4.5,33.96908203,0.280475016,-24.06929788,121.112684,1.411303404,170.9267432
66,0.91,1.5,27.20039021,0.18930909,-22.86997898,143.6824306,1.189349157,170.8885776
67,0.91,1.3,25.83152715,0.18636956,-20.95459672,138.6037887,1.232737976,170.862154
68,0.93,3.5,27.71575511,0.22000491,-20.48964026,125.9778934,1.352671631,170.4067226
69,0.935,0.1,14.10309752,0.123226713,-9.477360385,114.4483792,1.488082857,170.308671
70,0.94,1.1,25.78234449,0.205917258,-19.01666875,125.2073031,1.355776073,169.7530658
71,1,3.9,33.79081549,0.279958411,-24.06929788,120.6994115,1.403897017,169.4495437
72,0.91,2.3,27.61120282,0.198612951,-22.65324655,139.0201529,1.218862946,169.4465131
73,0.93,3.3,27.47620327,0.219528275,-20.48964026,125.1602024,1.340980267,167.8373617
74,1,4.1,33.62391303,0.280089287,-24.06929788,120.0471228,1.39696277,167.7013612
75,0.93,3.7,27.49047667,0.220347094,-20.48964026,124.7598783,1.341676883,167.3874445
76,0.905,2.7,23.67281499,0.189316921,-17.68870252,125.0433127,1.33830138,167.345638
77,1,4.3,33.45681912,0.280229703,-24.06929788,119.3906953,1.390020569,165.9555221
78,1.005,0.1,21.75490922,0.152898093,-18.83524291,142.2837183,1.155010812,164.3392331
79,0.905,2.5,23.33739793,0.190048589,-17.44287572,122.7970073,1.337932936,164.2941605
80,1.005,4.7,34.60123818,0.28210019,-25.96348273,122.6558485,1.332688628,163.4620545
81,1.005,4.9,34.56547147,0.28209572,-25.96348273,122.5310026,1.331311051,163.1268779
82,0.93,2.7,27.23335745,0.219958558,-20.69669991,123.8113111,1.315830909,162.9147499
83,0.915,4.5,26.42587317,0.203486114,-21.08398844,129.8657322,1.253362154,162.7687939
84,1,0.9,29.25850685,0.243514963,-21.73100283,120.1507559,1.346394692,161.7703399
85,0.915,3.9,26.25764404,0.202771268,-21.08398844,129.4939088,1.245383155,161.2695327
86,0.915,4.1,26.10013913,0.202950141,-21.08398844,128.6037007,1.237912799,159.200167
87,0.93,2.1,26.71402694,0.21893854,-20.48964026,122.0161004,1.303782136,159.082412
88,0.93,2.5,26.82045901,0.220705294,-20.48964026,121.5215936,1.308976569,159.0689186
89,0.905,0.9,20.73231871,0.167437002,-16.2444841,123.821607,1.276268214,158.0295813
90,1.01,0.1,21.33307785,0.152963429,-18.83524291,139.4652176,1.132614957,157.9603915
91,0.915,4.3,25.94245354,0.203142102,-21.08398844,127.7059423,1.230433873,157.1337171
92,0.94,4.5,27.93236227,0.228763359,-21.79025529,122.1015567,1.281874026,156.518814
93,0.905,2.9,23.10010252,0.190096689,-17.93452931,121.5176477,1.288023907,156.5176354
94,1,3.5,32.54681052,0.281917345,-24.06929788,115.4480598,1.35221271,156.1103338
95,0.935,0.5,20.44133108,0.165190529,-16.21264224,123.743965,1.26082663,156.0196863
96,1,0.1,21.04502776,0.151155258,-18.83524291,139.2278908,1.117321813,155.5623593
97,0.94,3.9,27.76212852,0.228128175,-21.79025529,121.695308,1.274061646,155.0473244
98,1,3.1,32.25278816,0.280997863,-24.06929788,114.7794783,1.339997051,153.8041624
99,0.95,0.9,25.93491675,0.206081656,-21.22798601,125.8477697,1.221732327,153.7522886
100,0.93,2.9,26.64418332,0.220590062,-20.93354317,120.7859643,1.272798547,153.7361998
101,1,3.7,32.31301055,0.282185691,-24.06929788,114.5097414,1.342499092,153.7292239
102,0.945,0.9,25.63527779,0.201424631,-21.22798601,127.269826,1.207617047,153.6932115
103,0.94,4.1,27.60274679,0.22828754,-21.79025529,120.9121917,1.266747288,153.1651909
104,0.93,2.3,26.29616846,0.220378126,-20.48964026,119.3229518,1.28338849,153.1377028
105,0.905,2.1,23.12923967,0.188033194,-18.66923046,123.0061525,1.238896254,152.3918615
106,0.905,1.7,23.24056999,0.185652067,-19.21549854,125.1834704,1.209470051,151.4056583
107,0.94,4.3,27.44318222,0.228458571,-21.79025529,120.1232331,1.259424539,151.2861475
108,0.925,4.7,25.39950074,0.213209756,-20.06892685,119.1291678,1.2656133,150.7714592
109,1.005,4.5,33.26399303,0.2831877,-25.96348273,117.4627043,1.281183783,150.4913119
110,0.925,4.9,25.36617916,0.213203412,-20.06892685,118.9764222,1.263952943,150.380599
111,1,3.3,31.89385343,0.281373806,-24.06929788,113.3504709,1.325084495,150.1989515
112,1.005,3.9,33.08666472,0.28267596,-25.96348273,117.0480317,1.274353871,149.1606122
113,0.93,1.7,26.74974982,0.215768449,-22.28436182,123.9743344,1.200382135,148.8165763
114,0.93,1.5,26.53016874,0.211115331,-22.51084674,125.6667086,1.178550458,148.104557
115,1.01,4.7,32.94484251,0.28261674,-25.96348273,116.5707399,1.268891499,147.9156208
116,1.01,4.9,32.90951595,0.282612234,-25.96348273,116.4475986,1.267530874,147.6009263
117,1.005,4.1,32.92064068,0.282805503,-25.96348273,116.4073553,1.26795935,147.5997946
118,1.005,4.3,32.7544262,0.282944497,-25.96348273,115.7627259,1.261557494,146.0413343
119,0.905,1.3,22.61708649,0.177615625,-19.74485299,127.3372568,1.145467454,145.8606834
120,0.915,3.1,25.08022938,0.204617867,-21.08398844,122.5710625,1.189539136,145.8030758
121,0.915,3.5,25.08368303,0.205454687,-21.08398844,122.0886387,1.18970294,145.2492124
122,0.935,0.7,24.13836161,0.183443191,-21.92375287,131.5849416,1.101014126,144.8768795
123,0.915,0.1,12.90461235,0.108591172,-10.61978459,118.8366619,1.215148221,144.4041583
124,0.94,0.7,24.37390127,0.18600693,-22.2689055,131.037598,1.094526234,143.4240887
125,0.91,1.9,25.8867937,0.198757544,-23.51152458,130.243075,1.101025738,143.4009778
126,0.915,3.3,24.84906809,0.204943311,-21.08398844,121.2484952,1.178575305,142.9004821
127,0.915,3.7,24.86304731,0.2058203,-21.08398844,120.799782,1.17923833,142.4517331
128,0.905,2.3,22.78564099,0.18968556,-19.39633177,120.123224,1.174739701,141.1135202
129,0.94,3.5,26.57417645,0.230519184,-21.79025529,115.2796742,1.219544062,140.5886422
130,0.955,0.9,24.95953491,0.209992068,-21.22798601,118.8594175,1.175784405,139.7530495
131,0.945,4.7,27.14133359,0.232266788,-22.71813503,116.8541306,1.194699017,139.6055149
132,0.945,4.9,27.10754915,0.232261046,-22.71813503,116.7115605,1.193211904,139.2616233
133,0.94,0.5,19.57492427,0.166334018,-16.58310282,117.6844309,1.180413852,138.9163323
134,0.905,1.1,21.27205082,0.173705317,-18.76811356,122.4605621,1.133414435,138.7985688
135,0.94,1.5,26.73725662,0.220369609,-23.49182141,121.3291464,1.138151706,138.090975
136,0.94,3.7,26.35091164,0.230845598,-21.79025529,114.149509,1.209297977,138.0407704
137,0.94,3.1,26.29309627,0.230281292,-21.79025529,114.1781689,1.20664471,137.7724835
138,0.93,1.3,23.95467355,0.207959541,-20.08873474,115.1891058,1.192443121,137.3564568
139,1.005,3.5,31.84920704,0.284615652,-25.96348273,111.9025142,1.226692404,137.2699641
140,0.92,4.7,23.95416308,0.210583292,-20.06892675,113.7514893,1.193594624,135.773166
141,1.01,4.5,31.62405342,0.283700647,-25.96348273,111.4697965,1.218020469,135.7724938
142,0.925,4.5,24.16311902,0.214626174,-20.06892685,112.5823501,1.204006532,135.549885
143,0.92,4.9,23.92122555,0.210576809,-20.06892675,113.5985754,1.191953404,135.4042086
144,1.005,3.1,31.55673214,0.283704761,-25.96348273,111.2308866,1.215427548,135.1930838
145,1.005,3.7,31.61663758,0.284881353,-25.96348273,110.9817727,1.217734843,135.1463716
146,0.94,2.7,26.03685001,0.230582263,-21.79025529,112.9178355,1.194885038,134.9238321
147,0.94,1.7,26.61522076,0.225807598,-23.26820369,117.8668078,1.143845099,134.8213704
148,1.01,3.9,31.4489073,0.283189585,-25.96348273,111.0524856,1.211274606,134.5150557
149,0.925,3.9,23.99790084,0.213948128,-20.06892685,112.166912,1.195773995,134.1262765
150,0.94,3.3,25.95031508,0.230790082,-21.79025529,112.4412058,1.19091377,133.9077804
151,0.935,1.9,25.3001155,0.226871389,-21.17443572,111.5174357,1.19484249,133.2457705
152,1.01,4.1,31.28492635,0.28331869,-25.96348273,110.4230941,1.204958775,133.0552763
153,1.005,0.9,28.57035602,0.246526413,-24.90824784,115.8916634,1.147023918,132.9305097
154,0.925,4.1,23.84321493,0.214117319,-20.06892685,111.3558447,1.188066263,132.2981223
155,1.005,3.3,31.19968651,0.284076961,-25.96348273,109.8282887,1.201675709,131.9779867
156,0.94,2.1,25.67607241,0.229264368,-21.79025529,111.9932968,1.178328206,131.9648605
157,1.01,4.3,31.12075729,0.283457228,-25.96348273,109.7899583,1.1986357,131.5981635
158,0.94,2.5,25.73574094,0.231040697,-21.79025529,111.3905095,1.181066518,131.5596012
159,0.945,1.1,24.12262021,0.209829967,-21.14616649,114.962703,1.140756185,131.1444145
160,0.925,4.3,23.68835158,0.214298933,-20.06892685,110.538822,1.18034969,130.4744642
161,1.015,0.1,19.70326528,0.153714945,-19.44106146,128.1805443,1.013487114,129.90933
162,1,0.5,22.73125006,0.200830491,-19.8245369,113.1862492,1.146621996,129.781843
163,0.905,1.5,22.16039708,0.181451629,-20.98038741,122.1283999,1.056243464,128.9973242
164,1,1.1,28.31394421,0.253946266,-24.57029152,111.4958083,1.152365009,128.4838681
165,0.94,2.9,25.34523876,0.23137619,-21.93448552,109.5412573,1.155497299,126.5746269
166,0.945,4.5,25.87820169,0.233575146,-22.71813503,110.7917609,1.139098859,126.2027684
167,0.94,0.1,13.18584692,0.123717974,-11.15515039,106.579881,1.182041161,125.9818063
168,0.94,1.3,24.11848302,0.216079643,-21.53842814,111.618488,1.119788448,124.9890935
169,0.945,3.9,25.71070134,0.232952708,-22.71813503,110.3687593,1.131725879,124.9071811
170,0.93,0.7,21.5609988,0.181167913,-20.56459684,119.0111344,1.048452297,124.7774973
171,0.94,2.3,25.04837839,0.230939387,-21.79025529,108.4629985,1.149522025,124.6806057
172,0.995,4.7,28.73119849,0.275287762,-24.06929788,104.3678742,1.193686606,124.5825335
173,0.995,4.9,28.69699159,0.275283006,-24.06929788,104.2454164,1.192265422,124.2882054
174,0.915,2.7,24.61122703,0.205403326,-23.78675099,119.8190285,1.034661146,123.9720934
175,1.015,4.7,30.20118027,0.284147061,-25.96348273,106.2871465,1.163217608,123.6350803
176,1.035,0.1,19.62637767,0.155498884,-20.03694465,126.2155528,0.979509502,123.6293332
177,0.98,0.9,25.84765949,0.234245221,-23.08790823,110.3444477,1.119532321,123.5341757
178,1.01,3.5,30.22667772,0.285124322,-25.96348273,106.0122739,1.164199658,123.419453
179,1.015,4.9,30.16658277,0.284142504,-25.96348273,106.1670899,1.161885063,123.353956
180,0.945,4.1,25.55387873,0.23310847,-22.71813503,109.622266,1.124822909,123.3056362
181,0.93,0.5,17.37491093,0.162899637,-15.04654783,106.6602188,1.154744007,123.1652485
182,0.945,0.7,22.65453978,0.189967571,-21.96189073,119.2547744,1.03153868,123.0159126
183,1.01,0.9,27.36899061,0.246809012,-24.90824784,110.8913747,1.098792287,121.8465873
184,0.945,4.3,25.39687622,0.233275663,-22.71813503,108.8706635,1.11791202,121.7078234
185,1.01,3.1,29.93780201,0.284214643,-25.96348273,105.3351849,1.153073427,121.4592027
186,0.92,4.5,22.73203172,0.212015118,-20.06892675,107.2189186,1.132697926,121.4466468
187,1.01,3.7,29.99697025,0.285389269,-25.96348273,105.1089636,1.155352329,121.4378859
188,0.915,2.5,24.27323873,0.206124279,-23.55913632,117.7602115,1.030311061,121.3296485
189,1.005,1.1,27.6308527,0.256813,-24.57029152,107.5913316,1.124563486,120.993283
190,0.925,3.1,22.84155727,0.215696537,-20.06892685,105.8967271,1.13815539,120.5269308
191,1.02,0.1,18.98319903,0.153830705,-19.44106146,123.4031853,0.976448692,120.4968789
192,0.925,3.5,22.8449491,0.216490597,-20.06892685,105.5239783,1.138324399,120.1205192
193,0.92,3.9,22.56871782,0.211328363,-20.06892675,106.7945519,1.124560277,120.0969108
194,1.025,0.1,19.08570807,0.154142354,-19.72699683,123.8187142,0.96749182,119.7935931
195,0.905,1.9,21.53482472,0.190052298,-20.41577484,113.3099936,1.054813001,119.5208544
196,1,2.7,29.88897971,0.284428954,-26.33446103,105.0841671,1.134975942,119.2680015
197,1,2.5,29.75560148,0.284527273,-26.11445522,104.5790837,1.139430298,119.1605765
198,1.01,3.3,29.58515016,0.28458574,-25.96348273,103.9586527,1.139490817,118.4599302
199,0.915,1.1,21.35232647,0.186363166,-20.65461577,114.5737483,1.033779892,118.4440372
200,0.92,4.1,22.4158148,0.211499379,-20.06892675,105.985251,1.116941383,118.3793129
201,0.925,3.3,22.61453328,0.216004788,-20.06892685,104.6945928,1.126843177,117.9743875
202,0.925,3.7,22.62826229,0.216837129,-20.06892685,104.3560315,1.127527269,117.6642712
203,0.925,1.1,20.00434524,0.196961426,-17.28789119,101.5647866,1.157130446,117.5237068
204,0.91,0.5,17.7486105,0.147313415,-18.21215769,120.48197,0.974547377,117.4153878
205,0.95,0.7,23.20143999,0.193961169,-23.67385113,119.6189947,0.980045023,117.2320004
206,1.03,0.1,19.02716244,0.154405397,-20.03694465,123.22861,0.949603983,117.0183789
207,0.915,1.7,24.21987567,0.201014355,-24.93977738,120.4882891,0.971134397,117.010322
208,0.915,2.9,24.0341951,0.206077403,-24.01436566,116.6270282,1.000825733,116.7233309
209,0.92,4.3,22.26273639,0.211682969,-20.06892675,105.1701822,1.109313749,116.6667291
210,1,2.3,29.21986344,0.284087567,-25.89444897,102.8551292,1.128421905,116.0639808
211,1.04,0.1,19.01954318,0.155600146,-20.03694465,122.2334532,0.949223722,116.0268934
212,1.005,0.5,21.63515784,0.204576067,-19.86884782,105.7560552,1.088898463,115.1576059
213,0.945,0.1,13.24966107,0.124826992,-12.30569257,106.1441993,1.076709905,114.2865107
214,0.925,2.7,22.38094907,0.216440782,-20.27708211,103.4044919,1.103755903,114.1333183
215,0.92,0.9,19.92658352,0.186078314,-18.74262498,107.0870811,1.063169302,113.8516972
216,0.93,1.9,24.26035952,0.220644844,-23.50063934,109.95208,1.032327639,113.5065711
217,0.995,4.5,27.45227139,0.276395751,-24.06929788,99.32233503,1.1405514,113.2822283
218,0.915,1.5,23.9689107,0.195769406,-25.91127173,122.4344049,0.925037989,113.2564758
219,0.925,0.9,20.54233272,0.188803841,-19.73636257,108.8025149,1.040836813,113.2456629
220,1,1.7,28.21706336,0.281019808,-25.05744674,100.4095175,1.126094915,113.0706471
221,0.915,2.1,24.04255805,0.20436631,-25.03315941,117.6444299,0.960428432,112.9890553
222,1.015,4.5,28.90764909,0.285222461,-25.96348273,101.3512366,1.113396434,112.8441055
223,0.945,3.5,24.54182623,0.235292523,-22.71813503,104.3034684,1.080274688,112.6763968
224,1.045,0.1,18.73930151,0.155639201,-20.03694465,120.4021952,0.935237474,112.6046449
225,0.91,0.7,21.42128866,0.166659969,-24.45173986,128.5328969,0.876063985,112.6030418
226,0.995,3.9,27.28267647,0.275870439,-24.06929788,98.89670168,1.13350529,112.0999345
227,1.015,3.9,28.73611758,0.284713715,-25.96348273,100.9298675,1.106789789,111.7081468
228,1,2.9,28.99105659,0.28536857,-26.55446684,101.5916243,1.091758188,110.9134876
229,1,2.1,28.45594798,0.284412344,-25.67444316,100.0517333,1.108337493,110.8910873
230,0.925,2.5,21.9837977,0.217197423,-20.06892685,101.2157392,1.095414711,110.8732097
231,0.995,4.1,27.12389284,0.276002383,-24.06929788,98.27412558,1.126908354,110.7459331
232,0.945,3.7,24.32214629,0.235611905,-22.71813503,103.2297003,1.070604883,110.5182212
233,1.015,4.1,28.5755208,0.284841792,-25.96348273,100.3206748,1.100604302,110.4133663
234,0.945,3.1,24.26525924,0.235058892,-22.71813503,103.2305523,1.068100846,110.2606402
235,1.01,1.1,26.33318033,0.257149168,-24.57029152,102.4042992,1.071748795,109.7516843
236,0.95,1.1,24.09529231,0.214606585,-24.70144696,112.2765748,0.975460764,109.5213933
237,0.95,0.5,18.96728497,0.172592373,-19.03964352,109.8964264,0.996199585,109.4787744
238,0.995,4.3,26.96492707,0.276144008,-24.06929788,97.64806139,1.12030385,109.3954991
239,1.015,4.3,28.41473979,0.284979253,-25.96348273,99.70809977,1.09441172,109.121713
240,0.92,3.1,21.42570211,0.21309628,-20.06892675,100.5447029,1.067605776,107.3421055
241,0.95,0.1,13.22588368,0.126400626,-12.8953103,104.6346376,1.025635163,107.3169636
242,0.955,0.7,22.60346577,0.197848254,-24.07158478,114.2464758,0.939010288,107.2786162
243,1.005,2.7,29.205514,0.287102415,-27.72486736,101.7250727,1.053405003,107.1577005
244,0.945,3.3,23.92798195,0.235556718,-22.71813503,101.5805544,1.053254676,106.9901939
245,1.005,2.5,29.07282448,0.287199762,-27.50901407,101.2285815,1.056847199,106.9831428
246,0.92,3.5,21.42905484,0.21390004,-20.06892675,100.1825657,1.067772836,106.9722224
247,0.925,2.9,21.81424479,0.217079324,-20.51517858,100.4897399,1.063322198,106.8529711
248,0.915,2.3,23.69642976,0.205841992,-25.70336687,115.1195127,0.921919291,106.1308995
249,0.915,0.5,17.13680882,0.150296802,-18.42129889,114.0197838,0.930271471,106.069352
250,0.98,4.7,28.93071661,0.269916011,-29.23936272,107.1841441,0.989444158,106.0527252
251,1.04,0.9,28.41741725,0.260266596,-29.26263647,109.185803,0.971116094,106.0320906
252,0.925,2.1,21.88142503,0.215401001,-20.97950525,101.5846021,1.042990517,105.9517767
253,0.98,4.9,28.8964567,0.269911161,-29.23936272,107.0591398,0.988272452,105.8035986
254,0.92,3.3,21.20129477,0.213407893,-20.06892675,99.34634802,1.056423945,104.9518609
255,0.925,1.5,21.91233965,0.207533637,-22.10106108,105.5845212,0.991460979,104.6829328
256,0.92,3.7,21.21486554,0.214250391,-20.06892675,99.01902853,1.057100153,104.6730302
257,0.945,1.7,24.45238337,0.229974857,-24.88345194,106.3263335,0.982676496,104.4843889
258,0.93,0.1,12.63992872,0.121292691,-12.61773487,104.2101438,1.00175894,104.3934432
259,1.005,2.3,28.53991542,0.28676389,-27.29315977,99.52409096,1.045680151,104.0703664
260,0.975,0.9,25.53190853,0.232380139,-26.9929071,109.8713024,0.945874723,103.9244878
261,0.925,1.7,21.93626221,0.212368691,-21.87341048,103.2932969,1.002873431,103.590103
262,1.015,3.5,27.53911188,0.286635742,-25.96348273,96.07703393,1.060686356,101.907599
263,1.01,0.5,20.40192123,0.205666004,-19.86884782,99.19928823,1.026829609,101.8607663
264,0.995,3.5,26.09918506,0.27785195,-24.06929788,93.93198436,1.084335122,101.8537497
265,0.955,1.1,22.92341179,0.21896229,-23.60463132,104.6911401,0.971140429,101.6697988
266,1,0.7,25.31246953,0.223871727,-28.20300491,113.0668434,0.897509666,101.4785849
267,0.945,2.1,23.65814247,0.234061434,-23.58128717,101.0766363,1.003259165,101.4060617
268,0.945,2.7,24.01312723,0.235353264,-24.25989241,102.0301432,0.989828266,100.9923197
269,1.005,1.7,27.53461147,0.283727833,-26.47195562,97.0458596,1.040142703,100.9415428
270,0.98,0.5,19.55967235,0.192576785,-19.8245369,101.5681738,0.986639559,100.2111783
271,1.015,3.7,27.31414501,0.286898826,-25.96348273,95.20479876,1.052021614,100.1575061
272,1.015,3.1,27.25619786,0.28573018,-25.96348273,95.39138573,1.049789743,100.1408983
273,0.995,3.7,25.87675809,0.278123018,-24.06929788,93.04069211,1.075094015,100.0274912
274,0.995,3.1,25.81946516,0.276917181,-24.06929788,93.23894265,1.072713683,100.0186895
275,0.945,0.5,17.67412252,0.169334413,-18.49622213,104.3740739,0.955553107,99.73497063
276,1.005,2.9,28.31232882,0.288032901,-27.94072065,98.29546808,1.013299878,99.60278579
277,1.015,0.9,25.19005595,0.248316971,-25.70585189,101.4431509,0.979934688,99.40766242
278,1.005,2.1,27.77999854,0.287085291,-27.07730648,96.76566307,1.025951328,99.27686054
279,0.945,2.5,23.71685293,0.235801855,-24.0336908,100.579586,0.986816929,99.25363817
280,1.045,0.9,27.50705789,0.260786626,-29.45895558,105.4772566,0.933741789,98.4885223
281,0.95,4.7,26.10517018,0.237948792,-29.1741987,109.709194,0.894803331,98.16815226
282,0.95,4.9,26.07166108,0.237943157,-29.1741987,109.5709638,0.893654744,97.91861161
283,1.015,3.3,26.9108239,0.286098588,-25.96348273,94.06136553,1.036487446,97.49342452
284,0.925,2.3,21.47950294,0.21686195,-21.87163854,99.04689581,0.982071046,97.27108859
285,0.995,3.3,25.4779905,0.277296792,-24.06929788,91.87986021,1.058526536,97.25727014
286,0.94,1.9,23.45219354,0.231347691,-24.46908357,101.3720666,0.958441842,97.15923032
287,0.915,1.3,21.11559494,0.193094661,-23.88878415,109.3535931,0.883912501,96.65900795
288,1.03,0.9,25.86198015,0.255082558,-27.15123322,101.3867052,0.952515856,96.57244429
289,0.945,1.5,24.09478133,0.225805602,-26.65040863,106.7058618,0.904105512,96.47335773
290,0.98,4.5,27.64980733,0.271045968,-29.23936272,102.0115058,0.945636456,96.4657988
291,1,1.3,24.71040346,0.268075458,-23.76866755,92.17704475,1.039620896,95.82918187
292,1.01,2.7,27.61551783,0.287603456,-27.72486736,96.01942277,0.996055904,95.64071296
293,0.915,0.7,20.11641064,0.169701786,-24.94797742,118.5397696,0.806334329,95.58268559
294,0.98,3.9,27.47994956,0.270510268,-29.23936272,101.5856062,0.93982724,95.47291993
295,1.01,2.5,27.48446117,0.287700467,-27.50901407,95.53151387,0.99910746,95.44624818
296,0.955,4.7,26.03564893,0.241111518,-29.45826215,107.9817719,0.883814829,95.43589132
297,0.955,4.9,26.00215831,0.241105958,-29.45826215,107.8453577,0.882677945,95.19271876
298,1.005,0.7,24.64536298,0.227072849,-28.20300491,108.5350498,0.873855926,94.84399649
299,0.945,2.3,23.04052721,0.235701221,-23.80748878,97.75310915,0.96778486,94.60397909
300,0.98,4.1,27.32091984,0.270644826,-29.23936272,100.9475045,0.934388348,94.324172
301,0.945,2.9,23.33262091,0.236129833,-24.48609402,98.81267716,0.952892727,94.15788141
302,1.015,1.1,24.06282327,0.258719294,-23.79377208,93.0074557,1.011307631,94.0591497
303,0.92,1.1,18.64839814,0.193902845,-19.15147625,96.1739276,0.973731628,93.64759506
304,0.98,4.3,27.16170769,0.270789255,-29.23936272,100.3057071,0.928943218,93.17830632
305,0.92,2.7,20.97040282,0.21384878,-22.09131091,98.0618305,0.949260228,93.08619555
306,1.01,2.3,26.95811007,0.287264647,-27.29315977,93.8441621,0.987724041,92.69213506
307,1.035,0.9,26.36265036,0.256269241,-29.26263647,102.8709112,0.900897989,92.67619704
308,0.925,1.3,19.30154491,0.204965116,-19.66610751,94.16990233,0.981462392,92.42421758
309,0.995,0.1,15.76894598,0.144277099,-18.83524291,109.2962505,0.83720428,91.5032887
310,0.92,2.5,20.57782896,0.214613881,-21.87471071,95.88302911,0.940713193,90.19843046
311,1,1.5,25.98949569,0.277657904,-27.09177613,93.60257837,0.959313098,89.79417942
312,0.895,4.7,16.92975133,0.17093771,-18.6995897,99.04047136,0.90535416,89.66670274
313,0.955,0.1,12.54315778,0.127118964,-13.80666868,98.67259306,0.908485462,89.64261631
314,1.01,1.7,25.96517736,0.284232477,-26.47195562,91.35190183,0.980856033,89.603064
315,1.02,0.9,23.99802985,0.250566657,-25.70585189,95.77503313,0.933562908,89.41201845
316,0.895,4.9,16.89867152,0.170972886,-18.6995897,98.83831265,0.903692101,89.31940246
317,0.915,1.9,22.0249349,0.205973905,-26.52779924,106.9307053,0.830258654,88.78014351
318,1.01,2.9,26.73332414,0.288531228,-27.94072065,92.65313948,0.956787209,88.64933876
319,0.98,1.1,23.83912531,0.245180174,-26.15087468,97.23104799,0.911599539,88.63577854
320,0.95,4.5,24.85233242,0.239225004,-29.1741987,103.8868514,0.851859983,88.49705155
321,0.965,0.9,22.41707101,0.218100783,-26.08146881,102.7830836,0.859501862,88.34225178
322,1.01,2.1,26.2075447,0.287584525,-27.07730648,91.12988489,0.967878571,88.20266277
323,0.95,3.9,24.68619715,0.238617139,-29.1741987,103.4552558,0.846165387,87.54025664
324,1.04,4.7,31.98518641,0.296480607,-39.51784183,107.8828959,0.809385962,87.31890141
325,1.04,4.9,31.95011486,0.2964763,-39.51784183,107.7661685,0.808498475,87.12878287
326,0.92,2.9,20.4102303,0.214494048,-22.32398909,95.1552294,0.91427344,86.99789889
327,0.995,0.9,22.97051693,0.239408994,-25.34069777,95.94675832,0.90646742,86.97261047
328,0.98,3.5,26.29462384,0.272530763,-29.23936272,96.48314015,0.899288541,86.76618235
329,1.01,0.7,23.58298865,0.227313738,-28.20300491,103.7464295,0.836187092,86.75142517
330,0.96,0.9,21.35214647,0.213053413,-24.75234488,100.2196874,0.862631261,86.45263531
331,0.99,4.7,26.1237006,0.273668893,-28.854449,95.45732561,0.90536127,86.42336558
332,0.95,4.1,24.5306526,0.238769071,-29.1741987,102.7379821,0.840833808,86.38556875
333,0.99,4.9,26.09018658,0.27366403,-28.854449,95.33655783,0.904199785,86.20329508
334,0.92,1.5,20.5288912,0.204819398,-23.87378217,100.229233,0.859892708,86.18638655
335,0.955,4.5,24.78350184,0.24237111,-29.45826215,102.2543563,0.841309026,86.02751292
336,0.92,2.1,20.47662349,0.212795376,-23.0161511,96.22682532,0.889663237,85.60946891
337,0.98,0.1,14.98744515,0.141728516,-18.51613295,105.7475631,0.809426309,85.59485969
338,0.985,0.9,22.40168274,0.236560959,-24.88312441,94.69729416,0.900276122,85.25371271
339,0.95,4.3,24.37492962,0.238932169,-29.1741987,102.0161065,0.835496113,85.23406046
340,0.98,3.1,26.01447042,0.271577681,-29.23936272,95.79016325,0.889707162,85.22519429
341,0.98,3.7,26.07185214,0.27280712,-29.23936272,95.56881125,0.891669644,85.21580787
342,0.99,0.1,14.97673346,0.142186904,-18.51613295,105.3313143,0.808847803,85.1970022
343,0.955,3.9,24.61745816,0.24177116,-29.45826215,101.8213178,0.835672452,85.08927033
344,0.975,0.1,14.26875978,0.140239972,-17.07296331,101.7453123,0.835751798,85.03382771
345,1.03,4.7,29.63839445,0.291466141,-35.48611096,101.687264,0.835211119,84.93033353
346,1.03,4.9,29.60394649,0.291461691,-35.48611096,101.5706263,0.834240374,84.73431726
347,1.005,1.3,24.04652125,0.270770247,-25.20723463,88.8078417,0.953953165,84.71852166
348,0.92,1.7,20.53084346,0.209725341,-23.78772835,97.89395675,0.863085502,84.49085477
349,0.985,0.1,14.88491872,0.141932949,-18.51613295,104.8728909,0.803889168,84.30618101
350,0.955,4.1,24.46199935,0.241921116,-29.45826215,101.1156022,0.830395196,83.96591025
351,1.035,4.7,30.19817013,0.292480949,-37.29363143,103.2483319,0.809740671,83.60437354
352,0.905,0.1,9.120451391,0.100046922,-9.960281858,91.16173868,0.915682058,83.47516849
353,0.945,1.3,21.96517932,0.220218751,-26.24993674,99.74254782,0.836770752,83.46164677
354,1.035,4.9,30.16357342,0.292476531,-37.29363143,103.1316029,0.808812987,83.41417974
355,1.02,4.7,27.72988911,0.287549442,-32.13621612,96.43520395,0.862885942,83.21258178
356,1.02,4.9,27.69594829,0.287544874,-32.13621612,96.3186995,0.861829787,83.01032425
357,0.98,3.3,25.67246651,0.271964748,-29.23936272,94.39630225,0.878010467,82.88094142
358,0.925,0.5,14.36655472,0.160960263,-15.47605423,89.25528838,0.928308631,82.8564546
359,0.955,4.3,24.30636222,0.242082094,-29.45826215,100.4054525,0.825111886,82.8457322
360,1,1.9,25.82859936,0.285144336,-28.33376164,90.58079055,0.911583844,82.57198528
361,0.96,0.1,12.32747041,0.128708074,-14.30003272,95.77853183,0.862058895,82.56673533
362,0.925,0.1,11.15932795,0.119029567,-12.6834335,93.75257078,0.87983494,82.48678744
363,0.98,0.7,22.40824045,0.215968456,-28.20300491,103.7570063,0.794533792,82.4384477
364,0.9,4.7,17.56287078,0.178678473,-21.02222981,98.29315465,0.835442811,82.11830947
365,0.9,4.9,17.53162269,0.178712164,-21.02222981,98.09977302,0.833956381,81.81093164
366,1.045,4.7,30.86157621,0.297251741,-39.23247386,103.8230293,0.786633449,81.67066756
367,1.045,4.9,30.82680322,0.297247416,-39.23247386,103.7075566,0.785747117,81.48791358
368,0.92,0.1,10.72781401,0.117167475,-12.13953892,91.55965822,0.883708523,80.9120503
369,0.975,0.5,18.95289219,0.19133886,-23.21696744,99.05406683,0.816337975,80.86159636
370,1.04,0.7,25.26348796,0.238133332,-33.27679544,106.0896756,0.759192333,80.54246837
371,1.005,1.5,25.31890334,0.280241506,-28.46759197,90.34672884,0.889393924,80.35383172
372,1.025,0.9,22.83476876,0.251360922,-25.90777058,90.84454557,0.881386868,80.06918946
373,1.04,4.5,30.67392906,0.297513601,-39.51784183,103.1009305,0.776204561,80.02741247
374,0.92,0.5,13.68794949,0.158523531,-14.78537019,86.34648353,0.925776583,79.93755249
375,0.95,1.7,23.44596345,0.235058498,-29.32713081,99.745228,0.799463255,79.74264463
376,0.995,1.1,22.07183137,0.250129655,-24.57029152,88.2415615,0.898313777,79.26861037
377,1.04,3.9,30.50004768,0.297026241,-39.51784183,102.6846907,0.771804488,79.25250517
378,0.975,4.7,27.31646606,0.267469892,-35.28561335,102.1291252,0.774153074,79.06357626
379,0.975,4.9,27.28263509,0.267464946,-35.28561335,102.0045263,0.773194299,78.8693182
380,0.92,2.3,20.0793265,0.214273436,-23.88529086,93.70889292,0.840656562,78.77699577
381,0.95,3.5,23.52684802,0.24090098,-29.1741987,97.66190259,0.806426537,78.75714987
382,0.955,0.5,17.08209861,0.175818027,-21.12500575,97.15783381,0.808619832,78.56375127
383,0.895,2.7,16.28312195,0.170305276,-19.82076393,95.61137689,0.821518384,78.54650382
384,1.04,4.1,30.33725041,0.297149283,-39.51784183,102.0943081,0.767684899,78.37625864
385,0.985,0.5,17.77707781,0.193899534,-20.88951279,91.6819004,0.851004903,78.02174675
386,0.99,4.5,24.87067864,0.274780549,-28.854449,90.51105964,0.861935663,78.01471023
387,1.015,2.7,24.98183873,0.28909658,-27.72486727,86.41347027,0.901062519,77.86393917
388,0.975,0.7,22.70076212,0.214156947,-30.91962669,106.0005873,0.734186164,77.82416465
389,1.015,2.5,24.8534869,0.289192812,-27.50901397,85.94088732,0.903467021,77.64475742
390,1.04,4.3,30.1742664,0.297281324,-39.51784183,101.500713,0.763560584,77.50194374
391,1.03,4.5,28.35045227,0.292514353,-35.48611096,96.91986737,0.798916858,77.4309159
392,0.95,3.7,23.30895841,0.24121275,-29.1741987,96.63236446,0.798957964,77.2051972
393,0.99,3.9,24.70451893,0.274251702,-28.854449,90.07972878,0.856177116,77.1242024
394,0.95,3.1,23.25253497,0.240672542,-29.1741987,96.61482285,0.797023946,77.00432735
395,0.98,2.7,25.73880616,0.271930047,-31.67847961,94.65230652,0.812501309,76.90512298
396,0.95,1.5,23.31807018,0.230712635,-30.67173078,101.069758,0.760246311,76.83791069
397,1.03,3.9,28.17966263,0.292018266,-35.48611096,96.49965741,0.794103999,76.63076387
398,0.955,3.5,23.45874817,0.244025514,-29.45826215,96.13235839,0.796338496,76.5538977
399,1.045,0.7,24.62746736,0.238505679,-33.27930523,103.2573623,0.740023483,76.41287291
400,1.035,4.5,28.90466657,0.293526126,-37.29363143,98.47391417,0.775056369,76.32283436
401,0.955,1.7,23.19467597,0.238569995,-29.61058088,97.22377693,0.783323909,76.15770899
402,0.99,4.1,24.54895152,0.274384066,-28.854449,89.46930439,0.850785663,76.11920145
403,0.925,1.9,19.54139932,0.217330238,-23.10659332,89.9156945,0.845706637,76.04229958
404,1.03,4.1,28.01976001,0.292143105,-35.48611096,95.91107773,0.789597937,75.73118913
405,0.985,4.7,24.41362283,0.273176073,-28.854449,89.36955058,0.846095617,75.61518506
406,0.965,0.7,20.40082452,0.203566112,-27.06102869,100.2171941,0.753882077,75.55194651
407,1.035,3.9,28.73313946,0.293031843,-37.29363143,98.05466577,0.770457002,75.54690381
408,1.02,4.5,26.46090988,0.288609797,-32.13621612,91.68403206,0.823398429,75.49248799
409,0.98,2.5,25.43021946,0.272368387,-31.47443398,93.36700082,0.807964314,75.43720477
410,0.985,4.9,24.38056322,0.273171148,-28.854449,89.25014,0.84494988,75.41189508
411,1.01,1.3,22.68284508,0.271158698,-25.20723463,83.65154896,0.899854562,75.27422797
412,0.995,2.7,23.57064213,0.280386168,-26.33446104,84.06492475,0.895049346,75.24225594
413,1.015,2.3,24.33799834,0.288758071,-27.29315977,84.28508431,0.8917252,75.15913363
414,0.92,1.3,17.94767671,0.20199365,-21.22136573,88.85267789,0.845736176,75.14592405
415,1.04,1.1,25.82948151,0.271432128,-32.71233496,95.16000061,0.789594553,75.13781816
416,0.99,4.3,24.39320566,0.274526168,-28.854449,88.85566671,0.845388025,75.11751661
417,0.955,3.7,23.24097868,0.244333303,-29.45826215,95.11997895,0.78894602,75.04452883
418,0.995,2.5,23.44375204,0.280485194,-26.11445523,83.5828505,0.897730848,75.03490328
419,0.98,2.1,25.18854707,0.272332995,-31.0663423,92.49171999,0.810798607,74.99215776
420,0.955,3.1,23.18458635,0.243800011,-29.45826215,95.09674028,0.787031707,74.84414986
421,1.03,4.3,27.85967397,0.292277096,-35.48611096,95.31938818,0.785086706,74.8339845
422,1.045,4.5,29.56148181,0.298281016,-39.23247386,99.10614568,0.753495228,74.67600779
423,1.035,4.1,28.57254639,0.293156324,-37.29363143,97.46522255,0.766150822,74.67306041
424,1.02,3.9,26.29263412,0.288106669,-32.13621612,91.26006781,0.818162102,74.66552888
425,0.95,3.3,22.91800639,0.241158494,-29.1741987,95.03296365,0.785557356,74.65384363
426,0.965,4.7,25.234166,0.249061186,-34.29187964,101.3171356,0.735864183,74.55565123
427,0.975,1.1,24.22074233,0.243067156,-32.40689404,99.64629839,0.747394746,74.47511986
428,0.965,4.9,25.20088834,0.249055786,-34.29187964,101.1857174,0.734893759,74.36075222
429,0.895,2.5,15.77876327,0.171612517,-19.54614498,91.94412798,0.807257047,74.2225452
430,1.005,1.9,25.16645425,0.287809239,-29.68643146,87.44143989,0.847742656,74.1278385
431,0.895,2.9,15.94053399,0.170639457,-20.09538288,93.41645981,0.793243606,74.10200949
432,1.045,3.9,29.38908072,0.297794751,-39.23247386,98.68904893,0.749100881,73.92805348
433,1.035,4.3,28.4117691,0.293289927,-37.29363143,96.87263866,0.761839703,73.80142228
434,1.02,4.1,26.13508556,0.288232941,-32.13621612,90.67348611,0.813259578,73.74108105
435,0.925,0.7,16.5828948,0.180297412,-20.8122438,91.97522379,0.796785535,73.28452785
436,1.045,4.1,29.22766937,0.297917344,-39.23247386,98.10663932,0.744986653,73.08813682
437,1.03,0.7,22.66556798,0.235340749,-29.88523122,96.30957699,0.758420365,73.04314457
438,0.945,1.9,21.24618318,0.235442121,-26.27663188,90.23951674,0.808558086,72.96389093
439,1.02,4.3,25.97735627,0.288368489,-32.13621612,90.08389367,0.80835143,72.81944432
440,0.98,1.7,24.4428903,0.269507986,-30.4941054,90.69449353,0.801561153,72.69718284
441,1.04,3.5,29.28664074,0.298871048,-39.51784183,97.99089238,0.741099194,72.62097139
442,0.955,3.3,22.85024219,0.244279751,-29.45826215,93.54128661,0.775681949,72.5582875
443,0.995,2.3,22.93407451,0.280036115,-25.89444897,81.8968456,0.885675325,72.53401535
444,1.045,4.3,29.06607286,0.298048914,-39.23247386,97.52115009,0.740867705,72.25027064
445,0.98,2.9,25.048851,0.27255874,-31.88252524,91.90257847,0.785660822,72.20425538
446,1.015,1.7,23.36541187,0.285742282,-26.47195562,81.77092914,0.882647743,72.17492602
447,1.015,0.7,21.09534171,0.228733694,-27.0341919,92.22664733,0.78032078,71.96636939
448,0.98,2.3,24.73449346,0.272227501,-31.27038793,90.85964279,0.790987739,71.86886345
449,0.95,2.7,23.00245776,0.240959839,-30.58715893,95.46179073,0.75202989,71.79011995
450,1.015,2.9,24.11785129,0.290017756,-27.94072056,83.15991286,0.863179289,71.78191441
451,0.895,3.1,15.78685348,0.170819445,-20.37000183,92.4183631,0.77500501,71.62469443
452,0.975,4.5,26.05159413,0.268608282,-35.28561335,96.98730777,0.738306399,71.60634994
453,1.04,3.7,29.05859139,0.299123748,-39.51784183,97.14571846,0.7353284,71.4340057
454,0.95,2.1,22.65036525,0.239697879,-29.96524382,94.4954765,0.755887901,71.42798737
455,1.04,3.1,28.98930929,0.298009979,-39.51784183,97.27630381,0.733575214,71.35948542
456,1.015,2.1,23.60292316,0.289074694,-27.07730648,81.64991129,0.871686524,71.17312736
457,1.035,0.7,23.15358279,0.236475858,-31.91739398,97.91097922,0.725422094,71.02678761
458,0.96,0.7,19.60694661,0.200405379,-27.06102869,97.83642888,0.724545502,70.88694447
459,1.025,4.7,26.50810664,0.288496145,-34.38431908,91.88374631,0.770935919,70.83648043
460,0.975,3.9,25.88386303,0.268067425,-35.28561335,96.55728616,0.733552872,70.82987462
461,0.995,0.5,16.97671559,0.195395638,-20.84908832,86.88380041,0.814266568,70.74657394
462,1.01,1.5,23.77673561,0.280749272,-28.46759197,84.69028425,0.835221175,70.73511872
463,0.92,0.7,15.92111474,0.177878622,-20.14890061,89.50549837,0.790172876,70.72481705
464,0.895,3.5,15.91085505,0.171205123,-20.91923973,92.93445666,0.760584766,70.68453197
465,1.025,4.9,26.47449047,0.288491558,-34.38431908,91.76868338,0.769958259,70.65805573
466,0.95,2.5,22.70859786,0.24139776,-30.37985402,94.07128641,0.747488709,70.31722445
467,0.99,0.5,17.38536515,0.194304361,-22.20455473,89.47490974,0.782963917,70.05562579
468,0.975,4.1,25.7268244,0.268202976,-35.28561335,95.92296396,0.729102372,69.93766058
469,0.965,1.1,21.39016148,0.227714512,-28.73090538,93.93411657,0.744500084,69.93395769
470,1.03,3.5,26.98783094,0.293892267,-35.48611096,91.82899301,0.760518135,69.83761453
471,0.955,2.7,22.92119145,0.244089671,-30.86555537,93.90479869,0.742613933,69.73501185
472,0.995,1.7,21.97994958,0.276887944,-25.05744674,79.38211129,0.877182333,69.63258554
473,1.04,3.3,28.63923165,0.298363805,-39.51784183,95.98762028,0.724716491,69.56381132
474,0.99,3.5,23.5449996,0.276242249,-28.854449,85.23315932,0.815992002,69.54957631
475,1.04,0.5,21.44196352,0.215057807,-30.76274248,99.70325553,0.697010793,69.49424516
476,0.99,0.9,21.13023859,0.237336017,-27.07195715,89.03089737,0.780521278,69.49050979
477,0.95,1.3,21.62011696,0.225106087,-29.89502638,96.04412405,0.723201133,69.45921935
478,0.955,2.1,22.56953421,0.242733648,-30.24613459,92.98065754,0.746195655,69.38176266
479,0.895,3.3,15.63303648,0.171015122,-20.64462078,91.41318195,0.75724503,69.2221777
480,0.955,1.5,22.39918712,0.234587948,-30.94978802,95.483111,0.723726673,69.10367428
481,0.995,2.9,22.71639772,0.281334595,-26.55446685,80.74512745,0.855464274,69.07457187
482,1.015,0.5,18.44468695,0.206931493,-23.80744956,89.13426701,0.774744347,69.05626946
483,0.975,4.3,25.56960564,0.268348486,-35.28561335,95.28507507,0.724646767,69.04802158
484,0.955,1.3,20.89829836,0.228887673,-27.64986671,91.30373046,0.755819136,69.00910665
485,0.895,1.7,15.55046608,0.168378606,-20.81387193,92.35416821,0.747120293,68.99967318
486,1.035,3.5,27.53616147,0.294899935,-37.29363143,93.3745932,0.738360959,68.94415418
487,1.03,3.7,26.76383647,0.294148812,-35.48611096,90.98740289,0.754205963,68.62324177
488,1.03,3.1,26.69578626,0.293015904,-35.48611096,91.10695308,0.752288305,68.53869529
489,0.995,2.1,22.20731907,0.280361469,-25.67444316,79.20959734,0.864958158,68.51298741
490,0.895,3.7,15.76693579,0.171426886,-21.19385868,91.97469618,0.743938894,68.42355376
491,0.955,2.5,22.62752571,0.244521991,-30.6590819,92.5377943,0.738036637,68.29628254
492,0.99,3.7,23.32707797,0.276514399,-28.854449,84.36116908,0.808439557,68.20090619
493,0.99,3.1,23.27094554,0.275301276,-28.854449,84.52901439,0.806494192,68.17215919
494,0.985,4.5,23.17759027,0.274287835,-28.854449,84.50097769,0.803258807,67.87615449
495,1.035,3.7,27.3111998,0.295155706,-37.29363143,92.53149848,0.732328785,67.76347987
496,1.02,3.5,25.11834826,0.290004077,-32.13621612,86.6137764,0.781621214,67.69916507
497,1.035,3.1,27.24285575,0.294026733,-37.29363143,92.65434974,0.730496192,67.68364966
498,1.045,1.1,24.68345101,0.272137101,-33.08329408,90.70226349,0.74610016,67.6729733
499,1.045,3.5,28.1860037,0.299633882,-39.23247386,94.06814568,0.718435544,67.58189941
500,1.045,0.5,21.06878197,0.215303937,-30.57579538,97.8559998,0.689067339,67.42937342
501,1.02,1.1,22.03208044,0.26176187,-27.54034503,84.16841013,0.799992898,67.33413037
502,1.03,1.1,23.46391235,0.26639806,-30.70389999,88.07839047,0.764199739,67.30948298
503,0.9,3.9,16.24889652,0.179375014,-21.909309,90.58617561,0.741643496,67.18264798
504,0.965,4.5,23.98998153,0.250280111,-34.29187964,95.85252886,0.699581994,67.05670325
505,0.985,3.9,23.01368347,0.273757746,-28.854449,84.06587155,0.797578338,67.0491181
506,0.95,2.9,22.32749736,0.241717813,-30.79446385,92.37009489,0.725049069,66.97285134
507,0.95,2.3,22.03778303,0.241298861,-30.17254874,91.32982622,0.730391828,66.70655873
508,1.03,3.3,26.35193325,0.293375084,-35.48611096,89.82335139,0.742598514,66.70268722
509,1.02,3.7,24.89765139,0.290263698,-32.13621612,85.77597387,0.77475367,66.45525059
510,1.045,3.7,27.95989577,0.299885757,-39.23247386,93.23515734,0.712672259,66.4461102
511,1.02,3.1,24.84080411,0.289108456,-32.13621612,85.92209475,0.772984723,66.41646661
512,1.045,3.1,27.89120348,0.298774733,-39.23247386,93.35194853,0.710921355,66.36589375
513,0.965,3.9,23.82499374,0.249699062,-34.29187964,95.4148306,0.694770715,66.29143009
514,0.895,3.9,15.62285331,0.17166396,-21.46847763,91.00834745,0.727711279,66.2278009
515,0.99,3.3,22.93638757,0.275682344,-28.854449,83.19860918,0.794899517,66.13453426
516,0.985,4.1,22.86022536,0.273890111,-28.854449,83.46495332,0.792259986,66.12594276
517,1.035,3.3,26.89751799,0.294384838,-37.29363143,91.36855756,0.721236226,65.89831364
518,0.9,4.5,16.40376345,0.180310127,-22.72854119,90.97527556,0.721725311,65.65915903
519,1.035,1.1,23.95504321,0.267535563,-32.71233496,89.53965932,0.732293896,65.56934595
520,0.965,4.1,23.67052353,0.249844177,-34.29187964,94.74114551,0.690266144,65.39660519
521,1.01,1.9,23.62616255,0.288303843,-29.68643146,81.94882975,0.795857279,65.21957263
522,0.985,4.3,22.70659122,0.274032232,-28.854449,82.8610234,0.786935534,65.20628365
523,1.02,0.7,20.45765538,0.230731811,-27.85600349,88.66421698,0.73440741,65.11565797
524,0.9,4.1,16.10386869,0.179616678,-22.1823864,89.65686723,0.725975484,65.08868755
525,0.955,2.9,22.24667699,0.244837965,-31.07202884,90.86285696,0.715971175,65.05518644
526,0.955,2.3,21.95737579,0.244304926,-30.45260806,89.87692625,0.721034328,64.80434912
527,0.985,0.7,19.93673346,0.217518338,-28.20300491,91.65541457,0.706901038,64.79130774
528,0.895,4.5,15.77688622,0.172641074,-22.29233448,91.38547287,0.707726965,64.67596334
529,1.045,3.3,27.5441061,0.299127372,-39.23247386,92.08152997,0.702074159,64.64806275
530,1.02,3.3,24.50198554,0.289471928,-32.13621612,84.64373641,0.762441522,64.53589925
531,0.965,4.3,23.51587612,0.24999997,-34.29187964,94.06351561,0.685756406,64.50465836
532,0.985,1.1,20.2551915,0.247508163,-25.74916059,81.83645849,0.786635022,64.37542429
533,0.895,4.1,15.47860651,0.17191628,-21.74309658,90.03572258,0.711886021,64.09517229
534,0.975,3.5,24.71337783,0.270104528,-35.28561335,91.49560735,0.700381132,64.08179706
535,1.025,4.5,25.25126521,0.289551822,-34.38431908,87.20810343,0.734383169,64.04416337
536,0.895,1.3,15.0092764,0.161976897,-21.77676725,92.66306925,0.689233449,63.86648682
537,0.905,0.7,16.58582018,0.160300552,-27.04919108,103.4670185,0.613172502,63.44313066
538,1.025,3.9,25.08459908,0.289050146,-34.38431908,86.78286244,0.729536014,63.31122354
539,0.9,4.3,15.95867451,0.179872903,-22.45546379,88.72194903,0.710681136,63.05301552
540,0.975,3.7,24.49339529,0.270383043,-35.28561335,90.58776405,0.694146791,62.88120574
541,0.975,3.1,24.43673202,0.269142375,-35.28561335,90.79481446,0.692540945,62.87912661
542,1.025,4.1,24.92855753,0.289175855,-34.38431908,86.20552905,0.724997854,62.49882352
543,0.98,1.3,21.44963254,0.258514724,-28.57114182,82.9725758,0.750744674,62.29121934
544,0.895,4.3,15.33419425,0.17218378,-22.01771553,89.05713565,0.696448014,62.02366525
545,1.025,4.3,24.77233698,0.289310809,-34.38431908,85.62534212,0.720454487,61.68916196
546,0.995,0.7,19.52182661,0.219141718,-28.20300491,89.08311368,0.692189597,61.66240458
547,0.895,2.1,15.19556275,0.170892877,-22.06208085,88.91864295,0.688763805,61.24394284
548,0.92,1.9,18.16357613,0.214743849,-25.08841636,84.58252104,0.723982569,61.23627089
549,0.975,3.3,24.0990101,0.26953244,-35.28561335,89.41042528,0.682969851,61.06462484
550,0.965,1.7,22.72246814,0.245556551,-34.44972827,92.53456292,0.659583378,61.03425958
551,0.895,2.3,15.06698613,0.17230066,-21.76897271,87.44589907,0.692131242,60.52403876
552,0.9,3.1,15.16479848,0.181472905,-21.02222981,83.56508343,0.721369646,60.28131465
553,0.99,1.1,19.64409889,0.24869719,-25.74916059,78.98802114,0.762902496,60.2601585
554,0.985,3.5,21.8698857,0.275750159,-28.854449,79.31050974,0.757938081,60.11245554
555,1.04,2.5,26.6610742,0.301901,-39.3904507,88.31065228,0.676841055,59.77227504
556,1.035,0.5,19.40350997,0.212288228,-29.71721342,91.40172377,0.652938406,59.67969584
557,0.965,3.5,22.67365218,0.251881876,-34.29187964,90.01700523,0.661195957,59.51887993
558,1.04,0.3,16.75658826,0.193356704,-24.40021624,86.66153242,0.686739334,59.5138831
559,1,0.3,16.88195068,0.180660951,-26.57154679,93.44548752,0.635339403,59.36960028
560,1.04,2.7,26.6840384,0.301242872,-39.85781516,88.57981677,0.66948071,59.30247865
561,0.99,0.7,19.09573427,0.218044153,-28.20300491,87.57737372,0.67708155,59.29702392
562,0.975,1.7,23.98136432,0.266730881,-36.41560872,89.90846578,0.658546298,59.20888733
563,0.9,3.5,15.16801547,0.182304199,-21.36315421,83.20167927,0.710008237,59.07387765
564,1.005,0.3,16.95721217,0.183430918,-26.57154679,92.44467817,0.638171812,58.9955878
565,0.985,3.7,21.65491881,0.276022468,-28.854449,78.45346431,0.750488038,58.87838648
566,0.985,3.1,21.59954746,0.274807014,-28.854449,78.59896709,0.74856905,58.8367541
567,1.025,0.7,19.71519339,0.231354426,-28.68828646,85.21640912,0.687221017,58.56250733
568,1.04,2.3,26.25287475,0.301289137,-39.20317645,87.13515208,0.669661929,58.35109398
569,0.965,3.1,22.401531,0.250849012,-34.29187964,89.30284738,0.653260516,58.33802419
570,0.965,3.7,22.45726752,0.252179963,-34.29187964,89.05254522,0.654885873,58.31925379
571,0.9,3.3,14.95194986,0.181888578,-21.09007681,82.20389676,0.708956633,58.27899789
572,0.975,2.7,24.16451918,0.269497524,-37.51631615,89.66508795,0.644106929,57.75390443
573,0.89,0.1,7.265655028,0.086776397,-10.58927744,83.72847071,0.68613322,57.44888522
574,1.025,3.5,23.9215457,0.29094031,-34.38431908,82.22148981,0.695710904,57.20238697
575,0.985,3.3,21.26952568,0.275188258,-28.854449,77.29081835,0.737131583,56.97350331
576,1.03,0.5,18.5722091,0.211275443,-28.68648511,87.90519529,0.647420171,56.91159658
577,1.03,2.5,24.40894889,0.296968053,-35.35022796,82.19385445,0.690489151,56.75396479
578,0.9,3.7,14.96486145,0.182754219,-21.63623161,81.88517656,0.691657481,56.63649494
579,0.965,3.3,22.06933262,0.251266615,-34.29187964,87.83233166,0.643573139,56.52652939
580,0.975,2.5,23.85979607,0.269939368,-37.32970551,88.38946412,0.639163791,56.49534493
581,0.895,1.9,14.26170105,0.171187403,-21.06182559,83.31045834,0.677135084,56.41243423
582,1.035,2.5,24.94614389,0.297966496,-37.16155554,83.72130507,0.671289012,56.20119213
583,1.03,2.7,24.43150494,0.296298961,-35.84874685,82.45558776,0.68151629,56.19482624
584,0.98,1.5,22.04509191,0.267767337,-32.29820001,82.32927951,0.682548622,56.19373628
585,0.965,0.1,10.32799108,0.130082945,-14.60090902,79.39542777,0.707352609,56.16056295
586,1.04,2.1,25.61237133,0.301413742,-38.76246191,84.9741329,0.660751925,56.14682191
587,1.025,3.7,23.70295987,0.291198886,-34.38431908,81.39783835,0.689353767,56.11190647
588,1.015,1.5,21.22213681,0.282272489,-28.46759197,75.18315694,0.745484087,56.0478471
589,1.025,3.1,23.63655289,0.290054154,-34.38431908,81.49013743,0.687422451,56.01814998
590,0.975,2.1,23.62114915,0.269903288,-36.95648389,87.51708571,0.639161161,55.9375221
591,1.035,2.7,24.96879713,0.297299653,-37.64610716,83.98528855,0.66325044,55.70327957
592,0.89,4.5,14.69798706,0.166041476,-23.48207558,88.51997341,0.625923676,55.40674714
593,1.03,2.3,24.00800742,0.296345133,-35.15047004,81.013672,0.683006725,55.3328828
594,1.045,2.5,25.58278902,0.302654105,-39.10448167,84.52814141,0.654216293,55.29968729
595,0.995,1.3,18.64352161,0.26455843,-23.76866755,70.47033671,0.784373864,55.27509031
596,0.96,4.7,21.61825299,0.245270833,-34.57154149,88.14033351,0.625319325,55.11585386
597,1.04,2.9,25.80828417,0.302128477,-40.08630684,85.42155454,0.643817957,54.99593071
598,0.96,4.9,21.58593617,0.24526522,-34.57154149,88.01058761,0.624384544,54.95245061
599,1.045,2.7,25.60555772,0.301997616,-39.57405125,84.78728435,0.647028973,54.85982948
600,1.045,0.3,16.14501304,0.193490104,-24.55966233,83.44102741,0.657379276,54.85240219
601,0.965,2.7,22.13977003,0.251228663,-35.60274319,88.12597167,0.621855735,54.80164087
602,1.035,2.3,24.54347126,0.297345874,-36.96739435,82.54182544,0.663922132,54.80134471
603,0.89,4.7,14.61527853,0.166033543,-23.48207558,88.02605932,0.622401477,54.78754937
604,1.015,1.3,20.37466291,0.272771831,-27.8374796,74.69489358,0.731914786,54.67029702
605,0.89,4.9,14.58481391,0.166069631,-23.48207558,87.82348573,0.621104121,54.54752889
606,1.02,2.5,22.58692874,0.292391426,-31.99462252,77.24894353,0.705960157,54.5346763
607,0.98,1.9,22.33793747,0.273487221,-33.53274217,81.6781764,0.66615302,54.4101639
608,0.905,0.5,12.94015297,0.141772626,-21.71698949,91.27398809,0.595853904,54.38596214
609,1.025,3.3,23.30100266,0.290416114,-34.38431908,80.23316039,0.677663635,54.37109513
610,0.965,2.1,21.78235777,0.250065984,-35.02576598,87.10644066,0.621895258,54.17108238
611,0.975,2.9,23.48320245,0.270130862,-37.70292679,86.93269001,0.622848263,54.14587495
612,1.025,1.1,20.49437547,0.26277332,-29.52122551,77.99260398,0.694225091,54.14442262
613,1.02,2.7,22.60961359,0.292431854,-32.51783733,77.31583701,0.69529881,53.75760943
614,0.89,2.7,14.42916946,0.165386788,-23.48207558,87.24499458,0.614475897,53.60994634
615,0.975,2.3,23.17278069,0.269796141,-37.14309453,85.88996346,0.62387857,53.58490756
616,0.965,2.5,21.84001622,0.251701809,-35.41041757,86.76940513,0.616768107,53.51660178
617,0.89,3.5,14.40051373,0.165671775,-23.48207558,86.92195004,0.613255574,53.30537033
618,1.03,2.1,23.37889262,0.296470536,-34.68037753,78.8573898,0.674124513,53.15969951
619,1.04,1.7,25.21979582,0.298138882,-40.15253897,84.59076409,0.628099654,53.13142962
620,1.02,2.3,22.19184499,0.291811396,-31.78453373,76.04858922,0.698196336,53.09684636
621,0.995,1.5,19.86031621,0.274381926,-27.09177613,72.38201339,0.733075459,53.06147766
622,0.89,3.7,14.34367343,0.165705013,-23.48207558,86.56149383,0.610834991,52.87478934
623,0.985,2.7,21.33354112,0.275154215,-31.30683385,77.53303398,0.681434003,52.83364572
624,0.885,0.1,6.484769988,0.083585934,-9.531096539,77.58207201,0.680380265,52.78531071
625,1.01,0.3,16.03727439,0.183662241,-26.57154679,87.31938755,0.603550652,52.70167331
626,0.965,0.5,15.39446878,0.181112636,-24.84900484,84.99941881,0.619520535,52.65888545
627,1.035,2.1,23.91163995,0.297471159,-36.51047267,80.38305317,0.65492551,52.64491213
628,0.965,1.3,20.31200831,0.236756077,-33.11245204,85.79297533,0.613425073,52.62756215
629,0.89,3.9,14.28682082,0.165740314,-23.48207558,86.20003497,0.608413885,52.44529813
630,0.975,1.3,21.52438221,0.256870428,-34.65680001,83.79470689,0.621072407,52.04258031
631,0.89,4.1,14.22995587,0.165777676,-23.48207558,85.83758816,0.605992253,52.0169134
632,0.965,1.5,21.52282,0.242491444,-36.7406711,88.75702863,0.585803671,51.99419317
633,0.9,1.3,14.79889462,0.170163323,-24.75372221,86.96876824,0.597845225,51.9938628
634,1.03,1.7,23.24236517,0.293301307,-35.55759935,79.2439878,0.653653947,51.79814542
635,1.03,2.9,23.57132225,0.29719761,-36.09246976,79.31195101,0.653081443,51.79716345
636,0.89,2.9,14.17595506,0.165590545,-23.48207558,85.60848103,0.603692592,51.68120577
637,1.015,1.9,21.07467143,0.28978763,-29.68643146,72.72453776,0.709909221,51.62781994
638,0.985,2.5,21.03576576,0.275586282,-31.10167828,76.33096114,0.676354683,51.62680304
639,0.89,4.3,14.17307857,0.165817099,-23.48207558,85.47416821,0.603570094,51.58965177
640,0.97,0.9,19.41804192,0.223210868,-32.75147053,86.99415997,0.592890689,51.57802742
641,1.035,2.9,24.10490019,0.298195686,-37.88300155,80.83584473,0.636298583,51.43573342
642,1.035,1.7,23.7745229,0.294312831,-37.36311689,80.77977047,0.636309946,51.40097141
643,0.89,3.1,14.10876427,0.165622255,-23.48207558,85.18640354,0.600831227,51.18265133
644,0.985,2.1,20.80254736,0.275550367,-30.69136673,75.49453689,0.677798012,51.17004705
645,0.965,2.9,21.46956353,0.251906183,-35.79506881,85.22841027,0.599791095,51.11924154
646,0.97,0.7,18.3132219,0.207384468,-31.6536665,88.30565787,0.578549784,51.08921925
647,1.02,2.1,21.57198234,0.291991505,-31.28964853,73.87880119,0.68942872,50.93416736
648,0.99,2.7,21.06767329,0.278785406,-31.30683385,75.56949838,0.672941677,50.85386499
649,1.045,2.9,24.73725892,0.302880303,-39.80362101,81.67338273,0.621482626,50.75858839
650,0.89,3.3,14.04156817,0.165656264,-23.48207558,84.76327954,0.597969635,50.68586736
651,0.965,2.3,21.17415034,0.251540642,-35.2180916,84.17784951,0.60122935,50.61019378
652,0.99,2.5,20.9433534,0.278884707,-31.10167828,75.09681543,0.673383385,50.56894777
653,0.9,2.7,14.73279534,0.18239318,-23.72710751,80.77492466,0.620926732,50.15531003
654,1.02,1.7,21.55689778,0.288450477,-32.21220845,74.73344487,0.669215146,50.01275322
655,0.895,1.5,14.07984954,0.165898019,-24.19966143,84.87051056,0.581820104,49.37936931
656,1.02,2.9,21.76202512,0.293340953,-32.77421585,74.18679497,0.663998346,49.25990915
657,0.985,2.9,20.66775856,0.275772948,-31.51198942,74.94483664,0.655869685,49.15404637
658,0.985,1.7,20.08302933,0.272755328,-30.11601705,73.63019983,0.666855424,49.10069815
659,1.02,0.5,16.64446711,0.20764478,-27.20762088,80.15837019,0.611757536,49.03748702
660,0.89,2.5,13.84940532,0.166855169,-23.48207558,83.00255467,0.589786251,48.95376555
661,0.96,4.5,20.40999212,0.246503887,-34.57154149,82.79785107,0.590369745,48.8813462
662,0.975,1.5,22.17074132,0.264553407,-38.06600482,83.8044067,0.5824289,48.81010842
663,1.045,2.3,24.4588276,0.302423479,-40.53701501,80.87608689,0.603370218,48.7982222
664,0.995,1.9,19.70777555,0.28108958,-28.33376164,70.1120816,0.695558034,48.76702166
665,0.985,2.3,20.36439421,0.275444298,-30.8965223,73.93289436,0.659116065,48.73035842
666,0.99,2.3,20.44399957,0.2784318,-30.8965223,73.42551965,0.661692581,48.58512158
667,0.95,1.9,19.48814664,0.241666316,-32.43542164,80.64072396,0.600829145,48.45129719
668,1.035,0.3,14.95413716,0.189472339,-24.40021624,78.92517327,0.612869042,48.37079535
669,0.9,2.5,14.42162829,0.183137819,-23.49931471,78.74740658,0.613704207,48.32761467
670,0.96,3.9,20.24976807,0.245913206,-34.57154149,82.34518359,0.58573518,48.23247092
671,0.96,4.1,20.09975791,0.246059975,-34.57154149,81.68641791,0.581396057,47.4921613
672,0.96,1.1,18.62802695,0.223378646,-32.75849255,83.39215629,0.568647258,47.42072097
673,1.045,2.1,23.90161726,0.302485442,-39.93831887,79.01741341,0.598463279,47.2890203
674,0.955,1.9,19.39652544,0.244689744,-32.70640519,79.26987493,0.593049751,47.01097955
675,0.96,4.3,19.94957567,0.246217584,-34.57154149,81.02417108,0.577051957,46.75515649
676,0.99,2.9,20.2307319,0.279737325,-31.51198942,72.32045955,0.642001101,46.42981465
677,0.89,1.7,13.92990644,0.163552263,-25.67588355,85.1709795,0.542528806,46.20770981
678,0.99,1.7,19.53893841,0.275246672,-30.11601705,70.98701048,0.648788928,46.05558641
679,1.04,1.9,22.95210297,0.302447626,-37.82396137,75.88785969,0.606813833,46.049803
680,0.9,2.9,14.20147943,0.183205656,-23.95490031,77.51659914,0.592842351,45.95512291
681,1.045,1.7,23.66182244,0.299113324,-40.97401441,79.10654771,0.577483627,45.68273607
682,0.96,0.5,14.52870434,0.178214782,-25.99509947,81.52356498,0.558901663,45.56365608
683,0.895,1.1,12.78152163,0.158843904,-22.59484631,80.46592467,0.565683052,45.51820987
684,0.99,2.1,19.73196491,0.278757329,-30.69136673,70.78545694,0.64291581,45.50908941
685,1.025,2.5,21.40487407,0.294040491,-34.246266,72.79566833,0.625027969,45.4993287
686,0.9,1.1,13.37961952,0.16613083,-23.85636361,80.53664412,0.560840694,45.16822737
687,0.97,0.1,9.853827644,0.131053188,-16.45196114,75.18953033,0.598945473,45.03442879
688,1.025,2.7,21.42688509,0.293364715,-34.75329845,73.03838531,0.616542488,45.0312678
689,0.9,0.9,13.34812793,0.159591604,-24.80927625,83.63928663,0.538029719,45.00042189
690,1.04,1.5,23.28124926,0.294957132,-41.04985252,78.93095881,0.567145747,44.76535758
691,0.9,2.1,14.22842801,0.18156387,-24.97449123,78.36596592,0.569718433,44.64653531
692,1.03,0.3,14.31187116,0.188557134,-24.40021624,75.90204025,0.586546899,44.5201063
693,0.895,0.9,13.01138946,0.153170244,-24.86713814,84.94723975,0.523236305,44.44747981
694,1.025,2.3,21.01356192,0.293410223,-34.04322995,71.61836993,0.61726111,44.20723454
695,0.9,1.7,14.331596,0.178991717,-26.01009977,80.06848719,0.551001193,44.11783195
696,0.89,1.3,13.46590702,0.157109202,-26.27091337,85.71049218,0.512578563,43.9333609
697,1.025,0.5,15.73204911,0.208210038,-27.46885844,75.5585525,0.572723077,43.27412665
698,1.03,1.9,20.76592576,0.297516256,-33.6793167,69.79761713,0.616578001,43.03567523
699,1.035,1.9,21.28739036,0.298514639,-35.53745911,71.31104328,0.599012729,42.71622263
700,0.96,3.5,19.13166945,0.24812518,-34.57154149,77.1049091,0.55339359,42.66936243
701,1.025,2.1,20.39963901,0.293535189,-33.56482762,69.49640035,0.607768324,42.23771074
702,1.03,1.5,21.19628115,0.290177756,-36.8603794,73.0458512,0.575042403,42.00446182
703,0.96,1.7,18.86306113,0.242286101,-34.9694908,77.8544912,0.539414807,41.99586533
704,1.035,1.5,21.71960396,0.291201218,-38.62939625,74.58624008,0.562255848,41.93654968
705,0.96,3.7,18.92153251,0.248426976,-34.57154149,76.16536972,0.547315268,41.68646977
706,0.96,3.1,18.86740527,0.247075422,-34.57154149,76.36293847,0.54574961,41.67504386
707,1.02,1.9,19.19268284,0.292568225,-30.23651907,65.60070849,0.634751732,41.64016331
708,1.015,0.3,14.24030074,0.184588161,-26.40506132,77.1463385,0.539301938,41.60516985
709,0.9,0.1,7.166115584,0.093160848,-13.29271175,76.92196577,0.539101104,41.46871671
710,0.9,2.3,13.90965453,0.183325286,-25.64522318,75.87417342,0.542387736,41.15322111
711,1.025,2.9,20.58747271,0.294270103,-35.00118399,69.9611428,0.588193608,41.15069703
712,1.025,1.7,20.26641026,0.2903332,-34.45702744,69.80397095,0.588164789,41.05623781
713,0.975,1.9,20.82298706,0.271056119,-39.21213846,76.82168237,0.531034212,40.79494159
714,1.04,1.3,21.83030384,0.285107668,-41.16219481,76.56863102,0.530348392,40.60805036
715,0.97,1.1,18.08237024,0.233814547,-34.66503049,77.33637833,0.521631454,40.34108744
716,1.02,1.5,19.55187796,0.284906097,-33.33327997,68.6256917,0.586557278,40.2528989
717,0.96,3.3,18.54479854,0.247498154,-34.57154149,74.92903777,0.53641804,40.1932876
718,0.985,1.3,17.17009874,0.261889228,-28.18259316,65.56244751,0.609244815,39.94358118
719,0.97,4.7,19.86781685,0.258708365,-38.44880258,76.79619053,0.516734346,39.68322929
720,0.97,4.9,19.83596516,0.258703,-38.44880258,76.67466238,0.515905928,39.55691283
721,0.97,0.5,14.603337,0.183921171,-29.40475313,79.39997846,0.496631852,39.43255833
722,0.89,2.3,13.06677641,0.167807977,-25.84963649,77.86743313,0.505491689,39.36134031
723,0.89,2.1,13.11943296,0.166915454,-26.35160184,78.59927091,0.497860928,39.13150599
724,0.96,2.7,18.61320219,0.247459891,-35.87682584,75.21704689,0.5188085,39.02324327
725,0.89,1.9,12.84690693,0.16620893,-25.65835378,77.29372253,0.500691005,38.70027157
726,1.045,1.9,21.35004112,0.303456263,-38.84761913,70.35623829,0.549584289,38.66668317
727,1.045,1.5,21.81973362,0.295892664,-41.69762295,73.74205683,0.523284832,38.58809982
728,0.965,1.9,18.90082515,0.251701372,-37.33272016,75.09226109,0.506280418,38.01774129
729,0.9,1.5,13.32953822,0.174556333,-27.1068386,76.36238673,0.49174079,37.55050034
730,1.02,1.3,18.66689846,0.275491307,-33.85210067,67.75857516,0.551425114,37.36378001
731,1.03,1.3,19.66754748,0.280237312,-37.25074106,70.18175904,0.527977348,37.05437902
732,0.96,2.1,18.26610957,0.246277875,-36.56583663,74.16869911,0.499540316,37.05025536
733,1.035,1.3,20.15080411,0.281315901,-39.06942647,71.6305195,0.51576913,36.94481075
734,0.895,0.1,6.684294136,0.088699491,-13.81871008,75.35887822,0.48371332,36.4520932
735,0.985,1.5,17.744507,0.271030384,-31.92992528,65.47054516,0.555732807,36.38412983
736,0.96,2.5,18.32210325,0.247939121,-37.39590557,73.89758908,0.489949447,36.20608289
737,0.96,2.9,17.96234671,0.248145177,-36.0683329,72.38644289,0.498008787,36.04908461
738,0.99,1.3,16.27549708,0.263263287,-28.18259316,61.82212972,0.577501757,35.70238855
739,0.985,1.9,18.05181651,0.276680078,-33.17118297,65.24436683,0.544201771,35.50609997
740,0.89,1.5,12.78886857,0.160521206,-28.88502958,79.67089784,0.442750752,35.27434993
741,1.045,1.3,20.47387401,0.286009605,-41.64764999,71.58456802,0.491597341,35.19078332
742,0.935,0.3,11.1356064,0.148812695,-23.74963606,74.82968058,0.468874823,35.08575323
743,0.99,1.5,17.46798777,0.273198408,-31.92992528,63.93883439,0.547072617,34.97918543
744,0.97,4.5,18.67694625,0.259876084,-38.44880258,71.86866133,0.485761454,34.91102543
745,0.97,3.9,18.51902828,0.25931562,-38.44880258,71.41501271,0.481654227,34.39734273
746,1.02,0.3,12.94683836,0.184933961,-26.40506132,70.0079005,0.490316542,34.3260317
747,0.96,2.3,17.67546305,0.247772885,-36.98154766,71.3373583,0.477953579,34.09594569
748,0.97,4.1,18.3711772,0.259454608,-38.44880258,70.80690263,0.477808825,33.83216297
749,0.96,1.5,17.66409134,0.239156392,-38.89368424,73.86000091,0.454163489,33.54451572
750,0.9,1.9,12.74912818,0.183586136,-26.5861042,69.44493997,0.479541044,33.30169905
751,0.97,4.3,18.22315651,0.259603888,-38.44880258,70.19600779,0.473959013,33.27003054
752,1.025,1.9,17.8497692,0.29458428,-32.54666731,60.59308121,0.548436159,33.2314367
753,1.025,1.5,18.27219793,0.286750377,-35.7830476,63.7216178,0.510638393,32.53870453
754,0.99,1.9,17.28305055,0.279483669,-33.17118297,61.83921443,0.521026053,32.21984184
755,1.025,0.3,12.55370882,0.18533039,-27.05606404,67.73691478,0.463988731,31.42916512
756,0.96,1.3,16.44777224,0.233315594,-37.95361645,70.49581199,0.433365085,30.55042359
757,0.97,3.5,17.41702231,0.261412787,-38.44880258,66.62651242,0.452992581,30.1813158
758,0.89,0.9,11.3592788,0.148724861,-29.09248032,76.37780753,0.39045412,29.82202962
759,0.89,1.1,11.16863636,0.154406288,-27.1603472,72.33278191,0.411211104,29.74404311
760,0.97,3.7,17.20990984,0.261698986,-38.44880258,65.76223351,0.447605873,29.43556193
761,0.98,0.3,11.70057057,0.172935809,-26.89750792,67.65846025,0.435005749,29.43181915
762,0.95,0.3,11.14408852,0.155625781,-27.13019674,71.60824154,0.410763277,29.41403596
763,0.97,3.1,17.15656166,0.26041619,-38.44880258,65.88131747,0.446218361,29.39745348
764,0.94,0.3,10.36165684,0.149690974,-24.57597334,69.22031828,0.421617353,29.1844874
765,0.97,3.3,16.83859815,0.260816874,-38.44880258,64.5609999,0.437948571,28.27439766
766,1.025,1.3,16.78931515,0.276730291,-36.17993587,60.67031939,0.46405044,28.15408839
767,0.91,0.3,11.26695597,0.133990629,-34.1390675,84.08764119,0.330031158,27.75154156
768,0.995,0.3,11.32275698,0.174855309,-26.57154679,64.75500812,0.426123367,27.59362208
769,0.97,1.7,16.60755615,0.257053714,-39.52356472,64.60733797,0.420193782,27.1476017
770,0.97,2.7,16.90027465,0.260781267,-40.57047035,64.8063215,0.416565904,26.99610389
771,0.97,2.1,16.54862706,0.259664851,-40.03800226,63.73071678,0.413322996,26.34137081
772,0.97,2.5,16.61337953,0.261235678,-40.39298109,63.59536973,0.411293722,26.15637631
773,0.975,0.3,11.17592774,0.171854013,-27.98565743,65.0315204,0.399344835,25.97000177
774,0.99,0.3,11.19892747,0.173411077,-27.95945204,64.58023142,0.400541736,25.86707803
775,0.985,0.3,11.16439708,0.173195951,-27.95945204,64.46107457,0.39930672,25.73974024
776,0.88,0.1,4.554114627,0.078303543,-10.34787475,58.159752,0.440101445,25.59619088
777,0.93,0.3,9.713394736,0.146983328,-25.324086,66.08501015,0.383563487,25.34779695
778,0.97,2.9,16.25881836,0.261430765,-40.7479596,62.19167941,0.399009386,24.81506384
779,0.97,1.5,15.9526255,0.253411431,-41.06194512,62.95148343,0.388501457,24.45674302
780,0.895,0.7,10.89790383,0.146196826,-33.41967105,74.54268437,0.326092493,24.30780975
781,0.97,2.3,15.96655819,0.261082452,-40.21549152,61.15523307,0.397025066,24.28016047
782,0.97,1.3,14.98236797,0.248201089,-37.81765412,60.36382838,0.396173912,23.91457402
783,0.96,1.9,15.19847458,0.248245997,-39.37128769,61.2234427,0.3860294,23.63404888
784,0.945,0.3,9.787221583,0.152675877,-26.57422475,64.10457105,0.368297539,23.60955578
785,0.9,0.7,10.94553665,0.151504177,-35.0661049,72.24577487,0.312140076,22.55080166
786,0.915,0.3,10.44793679,0.135192197,-36.55717212,77.28209911,0.285797182,22.08700617
787,0.955,0.3,9.579028407,0.157345743,-27.79221062,60.87885327,0.34466594,20.98286721
788,0.9,0.5,8.782322711,0.13353191,-28.29961903,65.76946838,0.310333602,20.41047603
789,0.885,4.5,9.239975819,0.160506261,-28.27393054,57.5676971,0.326801957,18.81323605
790,0.885,4.7,9.161203054,0.160497185,-28.27393054,57.08014795,0.3240159,18.49487552
791,0.885,4.9,9.132188115,0.160534205,-28.27393054,56.88624495,0.322989692,18.37367073
792,0.89,0.7,9.502770173,0.142267757,-35.05087243,66.79496733,0.271113656,18.1090278
793,0.895,0.5,8.394130111,0.129363944,-30.45335334,64.88771002,0.275638943,17.88557977
794,0.885,2.7,8.98395016,0.159825933,-28.27393054,56.2108415,0.317746772,17.86081344
795,0.885,3.5,8.956658034,0.160120573,-28.27393054,55.93695981,0.316781497,17.71979385
796,0.885,3.7,8.902522538,0.16015437,-28.27393054,55.58713467,0.314866818,17.50254421
797,0.885,3.9,8.848375311,0.160190302,-28.27393054,55.23664801,0.312951724,17.28640423
798,0.97,1.9,13.77332185,0.261189984,-42.18340224,52.73296341,0.326510455,17.21786387
799,0.885,4.1,8.794216334,0.160228366,-28.27393054,54.88551467,0.311036215,17.07138274
800,0.885,2.9,8.7427852,0.160034138,-28.27393054,54.63075149,0.309217185,16.89276717
801,0.885,4.3,8.740045592,0.160268562,-28.27393054,54.53374954,0.309120289,16.85748844
802,0.885,3.1,8.678791751,0.160066244,-28.27393054,54.21999984,0.306953847,16.64303754
803,0.885,3.3,8.614793238,0.160100729,-28.27393054,53.80858213,0.30469033,16.39495467
804,0.925,0.3,8.450727515,0.144854741,-31.71140375,58.33932291,0.266488598,15.54676435
805,0.885,1.7,8.715802276,0.157881158,-31.15774999,55.20482851,0.27973144,15.44252618
806,0.89,0.5,7.704919829,0.12612213,-32.04512172,61.09094261,0.240439712,14.68868863
807,0.885,2.5,8.431774638,0.161339156,-30.16349116,52.26117971,0.279535767,14.60886896
808,0.89,0.3,6.731692509,0.114059607,-31.24403519,59.01907523,0.215455285,12.71597168
809,0.885,1.3,8.078746819,0.153599951,-34.38513684,52.5960248,0.234948805,12.35737319
810,0.885,2.3,7.83778793,0.16217269,-32.07864229,48.32988787,0.244330413,11.80846148
811,0.885,2.1,7.832231104,0.161325757,-32.29442479,48.54916696,0.242525797,11.7744254
812,0.96,0.3,7.748070524,0.159182619,-32.05669871,48.67409886,0.241698953,11.76447875
813,0.885,1.9,7.516961781,0.160661033,-32.25810875,46.78770979,0.233025496,10.90272926
814,0.965,0.3,7.485629583,0.162107284,-31.87785197,46.17700935,0.234822271,10.84339019
815,0.92,0.3,7.161163267,0.142608004,-33.63132664,50.21571784,0.212931335,10.69249982
816,0.885,0.3,5.767810624,0.110758412,-28.37830562,52.07559901,0.203247181,10.58421871
817,0.885,0.9,7.103327665,0.144343798,-34.56385778,49.21117332,0.205513161,10.11354378
818,0.885,1.5,7.537092673,0.155635991,-36.58238618,48.42769735,0.206030646,9.977589789
819,0.97,0.3,7.10234674,0.164310746,-30.81531745,43.22508979,0.230481051,9.962564108
820,0.905,0.3,6.366733948,0.127847183,-35.32235249,49.79956381,0.1802466,8.976202069
821,0.885,1.1,6.511179958,0.150182786,-34.2853027,43.35503505,0.189911695,8.233628205
822,0.88,4.5,5.672851438,0.153254851,-26.17904696,37.01580345,0.216694345,8.021115291
823,0.88,4.7,5.596650921,0.153244716,-26.17904696,36.52100434,0.213783601,7.807591806
824,0.88,4.9,5.568583436,0.153283261,-26.17904696,36.32871189,0.212711465,7.727533534
825,0.88,2.7,5.425186217,0.152540035,-26.17904696,35.56565479,0.207233908,7.370409643
826,0.88,3.5,5.398785289,0.152848544,-26.17904696,35.32114315,0.206225433,7.284118033
827,0.88,3.7,5.346417535,0.15288352,-26.17904696,34.97052885,0.204225064,7.141858485
828,0.88,3.9,5.294038432,0.152920731,-26.17904696,34.61949473,0.202224261,7.000901748
829,0.88,4.1,5.241647965,0.152960175,-26.17904696,34.26805674,0.200223025,6.861253968
830,0.88,2.9,5.191896263,0.152756265,-26.17904696,33.98810696,0.198322585,6.740609227
831,0.88,4.3,5.189246115,0.153001851,-26.17904696,33.91623084,0.198221353,6.722921174
832,0.88,0.3,4.169069454,0.103856584,-25.42635016,40.14256306,0.163966493,6.582035267
833,0.88,3.1,5.129992457,0.152789391,-26.17904696,33.57558017,0.195957953,6.579401966
834,0.88,3.3,5.068083753,0.152825009,-26.17904696,33.16265971,0.193593134,6.420063233
835,0.88,1.7,5.261353361,0.150300669,-28.69703246,35.00552188,0.183341374,6.417960479
836,0.88,0.9,5.359402106,0.137046566,-33.10044003,39.10643118,0.161913319,6.331852067
837,0.885,0.7,5.662270053,0.138137312,-38.27997118,40.99015674,0.147917302,6.063153389
838,0.885,0.5,4.888688768,0.121350646,-32.94415721,40.28564288,0.148393196,5.978115286
839,0.88,2.5,4.891041437,0.154120631,-28.12379549,31.73515052,0.173911144,5.519096321
840,0.88,0.7,4.914304808,0.130364443,-34.32964052,37.69666544,0.143150488,5.396296071
841,0.895,0.3,4.754209302,0.117126292,-38.06988295,40.59045333,0.124881112,5.068980933
842,0.88,2.1,4.600029651,0.153591233,-29.40079205,29.94981913,0.156459378,4.685930087
843,0.88,1.3,4.451383069,0.146058431,-32.49258642,30.47672792,0.136996883,4.175216738
844,0.88,2.3,4.340423413,0.154964854,-30.07717992,28.00908267,0.144309521,4.041977291
845,0.88,1.9,4.197226324,0.15305787,-29.60062052,27.42247963,0.141795214,3.88837637
846,0.88,1.1,3.866991796,0.142435158,-32.61436186,27.14913819,0.118567146,3.218995825
847,0.88,1.5,4.023823342,0.148070529,-34.53512147,27.17504531,0.116513948,3.166271812
848,0.9,0.3,3.82741532,0.12101138,-39.96338157,31.62855702,0.095773059,3.029163672
849,0.88,0.5,3.146601313,0.114703113,-30.10107613,27.43257129,0.104534512,2.86765046
