Date,Capital
2007-01-03,10000.0
2007-01-04,10000.0
2007-01-05,9931.126920936369
2007-01-08,9931.126920936369
2007-01-09,9930.57692093637
2007-01-10,9883.795108585968
2007-01-11,9883.795108585968
2007-01-12,9883.245108585968
2007-01-16,9915.630776651724
2007-01-17,10115.163637280328
2007-01-18,10060.644708087342
2007-01-19,10060.644708087342
2007-01-22,9959.372480736603
2007-01-23,9959.372480736603
2007-01-24,9959.372480736603
2007-01-25,9854.292887931279
2007-01-26,9750.97057937617
2007-01-29,9750.97057937617
2007-01-30,9750.97057937617
2007-01-31,9750.97057937617
2007-02-01,9750.97057937617
2007-02-02,9750.97057937617
2007-02-05,9750.97057937617
2007-02-06,9750.97057937617
2007-02-07,9750.97057937617
2007-02-08,9750.97057937617
2007-02-09,9687.646260882195
2007-02-12,9687.646260882195
2007-02-13,9687.646260882195
2007-02-14,9687.096260882196
2007-02-15,9870.472227367009
2007-02-16,9870.472227367009
2007-02-20,9870.472227367009
2007-02-21,9870.472227367009
2007-02-22,9789.855045446764
2007-02-23,9709.527743942008
2007-02-26,9624.801455963678
2007-02-27,9549.753084171434
2007-02-28,9549.753084171434
2007-03-01,9549.753084171434
2007-03-02,9549.753084171434
2007-03-05,9549.753084171434
2007-03-06,9549.753084171434
2007-03-07,9549.753084171434
2007-03-08,9549.753084171434
2007-03-09,9549.753084171434
2007-03-12,9549.753084171434
2007-03-13,9335.204039301374
2007-03-14,9335.204039301374
2007-03-15,9335.204039301374
2007-03-16,9335.204039301374
2007-03-19,9335.204039301374
2007-03-20,9335.204039301374
2007-03-21,9335.204039301374
2007-03-22,9335.204039301374
2007-03-23,9335.204039301374
2007-03-26,9335.204039301374
2007-03-27,9335.204039301374
2007-03-28,9335.204039301374
2007-03-29,9335.204039301374
2007-03-30,9335.204039301374
2007-04-02,9335.204039301374
2007-04-03,9335.204039301374
2007-04-04,9335.204039301374
2007-04-05,9335.204039301374
2007-04-09,9335.204039301374
2007-04-10,9335.204039301374
2007-04-11,9217.60981978035
2007-04-12,9217.60981978035
2007-04-13,9217.60981978035
2007-04-16,9217.05981978035
2007-04-17,9497.306731908748
2007-04-18,9497.306731908748
2007-04-19,9497.306731908748
2007-04-20,9497.306731908748
2007-04-23,9497.306731908748
2007-04-24,9497.306731908748
2007-04-25,9497.306731908748
2007-04-26,9497.306731908748
2007-04-27,9497.306731908748
2007-04-30,9497.306731908748
2007-05-01,9497.306731908748
2007-05-02,9497.306731908748
2007-05-03,9497.306731908748
2007-05-04,9497.306731908748
2007-05-07,9497.306731908748
2007-05-08,9497.306731908748
2007-05-09,9497.306731908748
2007-05-10,9497.306731908748
2007-05-11,9497.306731908748
2007-05-14,9497.306731908748
2007-05-15,9497.306731908748
2007-05-16,9497.306731908748
2007-05-17,9497.306731908748
2007-05-18,9497.306731908748
2007-05-21,9497.306731908748
2007-05-22,9496.756731908748
2007-05-23,9644.000501287024
2007-05-24,9644.000501287024
2007-05-25,9644.000501287024
2007-05-29,9644.000501287024
2007-05-30,9644.000501287024
2007-05-31,9644.000501287024
2007-06-01,9644.000501287024
2007-06-04,9644.000501287024
2007-06-05,9644.000501287024
2007-06-06,9644.000501287024
2007-06-07,9644.000501287024
2007-06-08,9644.000501287024
2007-06-11,9644.000501287024
2007-06-12,9644.000501287024
2007-06-13,9644.000501287024
2007-06-14,9644.000501287024
2007-06-15,9543.032858401668
2007-06-18,9543.032858401668
2007-06-19,9543.032858401668
2007-06-20,9425.005977453991
2007-06-21,9425.005977453991
2007-06-22,9316.499292784129
2007-06-25,9316.499292784129
2007-06-26,9316.499292784129
2007-06-27,9316.499292784129
2007-06-28,9316.499292784129
2007-06-29,9316.499292784129
2007-07-02,9316.499292784129
2007-07-03,9316.499292784129
2007-07-05,9316.499292784129
2007-07-06,9316.499292784129
2007-07-09,9316.499292784129
2007-07-10,9316.499292784129
2007-07-11,9316.499292784129
2007-07-12,9316.499292784129
2007-07-13,9316.499292784129
2007-07-16,9316.499292784129
2007-07-17,9316.499292784129
2007-07-18,9316.499292784129
2007-07-19,9316.499292784129
2007-07-20,9240.674594606124
2007-07-23,9240.674594606124
2007-07-24,9240.674594606124
2007-07-25,9240.674594606124
2007-07-26,9240.674594606124
2007-07-27,9240.674594606124
2007-07-30,9240.674594606124
2007-07-31,9240.674594606124
2007-08-01,9240.674594606124
2007-08-02,9240.674594606124
2007-08-03,9240.674594606124
2007-08-06,9240.674594606124
2007-08-07,9240.674594606124
2007-08-08,9240.674594606124
2007-08-09,9240.674594606124
2007-08-10,9240.674594606124
2007-08-13,9240.674594606124
2007-08-14,9240.674594606124
2007-08-15,9240.674594606124
2007-08-16,9240.674594606124
2007-08-17,9240.674594606124
2007-08-20,9240.674594606124
2007-08-21,9240.674594606124
2007-08-22,9240.674594606124
2007-08-23,9240.674594606124
2007-08-24,9240.674594606124
2007-08-27,9240.674594606124
2007-08-28,9240.674594606124
2007-08-29,9240.674594606124
2007-08-30,9240.674594606124
2007-08-31,9240.674594606124
2007-09-04,9240.674594606124
2007-09-05,9240.674594606124
2007-09-06,9240.674594606124
2007-09-07,9240.674594606124
2007-09-10,9240.674594606124
2007-09-11,9240.674594606124
2007-09-12,9240.674594606124
2007-09-13,9240.674594606124
2007-09-14,9240.674594606124
2007-09-17,9240.674594606124
2007-09-18,9240.674594606124
2007-09-19,9240.674594606124
2007-09-20,9240.674594606124
2007-09-21,9240.674594606124
2007-09-24,9240.674594606124
2007-09-25,9240.674594606124
2007-09-26,9240.674594606124
2007-09-27,9240.674594606124
2007-09-28,9240.674594606124
2007-10-01,9240.674594606124
2007-10-02,9240.674594606124
2007-10-03,9240.674594606124
2007-10-04,9240.674594606124
2007-10-05,9240.674594606124
2007-10-08,9240.674594606124
2007-10-09,9240.674594606124
2007-10-10,9138.301468468504
2007-10-11,9041.113047675877
2007-10-12,9041.113047675877
2007-10-15,8927.26019047948
2007-10-16,8927.26019047948
2007-10-17,8927.26019047948
2007-10-18,8927.26019047948
2007-10-19,8808.438704320459
2007-10-22,8808.438704320459
2007-10-23,8808.438704320459
2007-10-24,8808.438704320459
2007-10-25,8808.438704320459
2007-10-26,8808.438704320459
2007-10-29,8808.438704320459
2007-10-30,8808.438704320459
2007-10-31,8808.438704320459
2007-11-01,8671.064904258004
2007-11-02,8671.064904258004
2007-11-05,8671.064904258004
2007-11-06,8671.064904258004
2007-11-07,8671.064904258004
2007-11-08,8671.064904258004
2007-11-09,8671.064904258004
2007-11-12,8671.064904258004
2007-11-13,8671.064904258004
2007-11-14,8671.064904258004
2007-11-15,8671.064904258004
2007-11-16,8671.064904258004
2007-11-19,8671.064904258004
2007-11-20,8671.064904258004
2007-11-21,8671.064904258004
2007-11-23,8671.064904258004
2007-11-26,8671.064904258004
2007-11-27,8671.064904258004
2007-11-28,8671.064904258004
2007-11-29,8671.064904258004
2007-11-30,8671.064904258004
2007-12-03,8671.064904258004
2007-12-04,8671.064904258004
2007-12-05,8671.064904258004
2007-12-06,8671.064904258004
2007-12-07,8671.064904258004
2007-12-10,8671.064904258004
2007-12-11,8671.064904258004
2007-12-12,8671.064904258004
2007-12-13,8671.064904258004
2007-12-14,8671.064904258004
2007-12-17,8671.064904258004
2007-12-18,8671.064904258004
2007-12-19,8671.064904258004
2007-12-20,8541.695878872482
2007-12-21,8541.145878872483
2007-12-24,8782.498067918723
2007-12-26,8949.86609036563
2007-12-27,8826.658082244652
2007-12-28,8717.720851877652
2007-12-31,8717.720851877652
2008-01-02,8717.720851877652
2008-01-03,8717.720851877652
2008-01-04,8717.720851877652
2008-01-07,8717.720851877652
2008-01-08,8717.720851877652
2008-01-09,8717.720851877652
2008-01-10,8717.720851877652
2008-01-11,8717.720851877652
2008-01-14,8717.720851877652
2008-01-15,8717.720851877652
2008-01-16,8717.720851877652
2008-01-17,8717.720851877652
2008-01-18,8717.720851877652
2008-01-22,8717.720851877652
2008-01-23,8717.720851877652
2008-01-24,8717.720851877652
2008-01-25,8717.720851877652
2008-01-28,8717.720851877652
2008-01-29,8717.720851877652
2008-01-30,8717.720851877652
2008-01-31,8717.720851877652
2008-02-01,8717.720851877652
2008-02-04,8717.720851877652
2008-02-05,8717.720851877652
2008-02-06,8717.720851877652
2008-02-07,8717.720851877652
2008-02-08,8717.720851877652
2008-02-11,8717.720851877652
2008-02-12,8717.720851877652
2008-02-13,8717.720851877652
2008-02-14,8717.720851877652
2008-02-15,8717.720851877652
2008-02-19,8717.720851877652
2008-02-20,8717.720851877652
2008-02-21,8717.720851877652
2008-02-22,8717.720851877652
2008-02-25,8717.720851877652
2008-02-26,8717.720851877652
2008-02-27,8717.720851877652
2008-02-28,8717.720851877652
2008-02-29,8717.720851877652
2008-03-03,8717.720851877652
2008-03-04,8717.720851877652
2008-03-05,8717.720851877652
2008-03-06,8717.720851877652
2008-03-07,8717.720851877652
2008-03-10,8717.720851877652
2008-03-11,8717.720851877652
2008-03-12,8717.720851877652
2008-03-13,8717.720851877652
2008-03-14,8717.720851877652
2008-03-17,8717.720851877652
2008-03-18,8717.720851877652
2008-03-19,8717.720851877652
2008-03-20,8717.720851877652
2008-03-24,8717.720851877652
2008-03-25,8717.720851877652
2008-03-26,8717.720851877652
2008-03-27,8717.720851877652
2008-03-28,8717.720851877652
2008-03-31,8717.720851877652
2008-04-01,8717.720851877652
2008-04-02,8717.720851877652
2008-04-03,8717.720851877652
2008-04-04,8717.720851877652
2008-04-07,8717.720851877652
2008-04-08,8717.720851877652
2008-04-09,8717.720851877652
2008-04-10,8717.720851877652
2008-04-11,8717.720851877652
2008-04-14,8717.720851877652
2008-04-15,8717.720851877652
2008-04-16,8717.720851877652
2008-04-17,8717.720851877652
2008-04-18,8717.720851877652
2008-04-21,8717.720851877652
2008-04-22,8717.720851877652
2008-04-23,8717.720851877652
2008-04-24,8717.720851877652
2008-04-25,8717.720851877652
2008-04-28,8717.720851877652
2008-04-29,8717.720851877652
2008-04-30,8717.720851877652
2008-05-01,8717.720851877652
2008-05-02,8717.720851877652
2008-05-05,8717.720851877652
2008-05-06,8717.720851877652
2008-05-07,8717.720851877652
2008-05-08,8717.720851877652
2008-05-09,8717.720851877652
2008-05-12,8717.170851877652
2008-05-13,8948.108533068034
2008-05-14,8823.50410495974
2008-05-15,8695.055885999325
2008-05-16,8573.672520234952
2008-05-19,8573.122520234952
2008-05-20,8461.641786142418
2008-05-21,8344.216752906543
2008-05-22,8343.666752906543
2008-05-23,8325.96791925243
2008-05-27,8325.417919252432
2008-05-28,8480.397593978038
2008-05-29,8526.573841370662
2008-05-30,9028.661830977984
2008-06-02,9017.220102391437
2008-06-03,9017.220102391437
2008-06-04,9017.220102391437
2008-06-05,9017.220102391437
2008-06-06,8882.471075011774
2008-06-09,8882.471075011774
2008-06-10,8882.471075011774
2008-06-11,8882.471075011774
2008-06-12,8882.471075011774
2008-06-13,8882.471075011774
2008-06-16,8882.471075011774
2008-06-17,8882.471075011774
2008-06-18,8882.471075011774
2008-06-19,8882.471075011774
2008-06-20,8882.471075011774
2008-06-23,8882.471075011774
2008-06-24,8882.471075011774
2008-06-25,8882.471075011774
2008-06-26,8882.471075011774
2008-06-27,8882.471075011774
2008-06-30,8882.471075011774
2008-07-01,8882.471075011774
2008-07-02,8882.471075011774
2008-07-03,8882.471075011774
2008-07-07,8882.471075011774
2008-07-08,8882.471075011774
2008-07-09,8882.471075011774
2008-07-10,8882.471075011774
2008-07-11,8882.471075011774
2008-07-14,8882.471075011774
2008-07-15,8882.471075011774
2008-07-16,8882.471075011774
2008-07-17,8882.471075011774
2008-07-18,8882.471075011774
2008-07-21,8882.471075011774
2008-07-22,8882.471075011774
2008-07-23,8882.471075011774
2008-07-24,8882.471075011774
2008-07-25,8882.471075011774
2008-07-28,8882.471075011774
2008-07-29,8882.471075011774
2008-07-30,8882.471075011774
2008-07-31,8882.471075011774
2008-08-01,8882.471075011774
2008-08-04,8882.471075011774
2008-08-05,8882.471075011774
2008-08-06,8882.471075011774
2008-08-07,8882.471075011774
2008-08-08,8882.471075011774
2008-08-11,8882.471075011774
2008-08-12,8882.471075011774
2008-08-13,8882.471075011774
2008-08-14,8882.471075011774
2008-08-15,8882.471075011774
2008-08-18,8764.001842995396
2008-08-19,8764.001842995396
2008-08-20,8764.001842995396
2008-08-21,8763.451842995397
2008-08-22,9051.472349218091
2008-08-25,9006.012217818728
2008-08-26,9006.012217818728
2008-08-27,9005.46221781873
2008-08-28,9307.932657483436
2008-08-29,9300.143579350743
2008-09-02,9300.143579350743
2008-09-03,9300.143579350743
2008-09-04,9300.143579350743
2008-09-05,9300.143579350743
2008-09-08,9300.143579350743
2008-09-09,9300.143579350743
2008-09-10,9300.143579350743
2008-09-11,9300.143579350743
2008-09-12,9300.143579350743
2008-09-15,9177.736280448527
2008-09-16,9177.736280448527
2008-09-17,9177.736280448527
2008-09-18,9177.736280448527
2008-09-19,9177.736280448527
2008-09-22,9177.736280448527
2008-09-23,9177.736280448527
2008-09-24,9177.736280448527
2008-09-25,9177.736280448527
2008-09-26,9177.736280448527
2008-09-29,9177.736280448527
2008-09-30,9177.736280448527
2008-10-01,9177.736280448527
2008-10-02,9177.736280448527
2008-10-03,9177.736280448527
2008-10-06,9177.736280448527
2008-10-07,9177.736280448527
2008-10-08,9177.736280448527
2008-10-09,9177.736280448527
2008-10-10,9177.736280448527
2008-10-13,9177.736280448527
2008-10-14,9177.736280448527
2008-10-15,9177.736280448527
2008-10-16,9177.736280448527
2008-10-17,9177.736280448527
2008-10-20,9177.736280448527
2008-10-21,9177.736280448527
2008-10-22,9177.736280448527
2008-10-23,9177.736280448527
2008-10-24,9177.736280448527
2008-10-27,9177.736280448527
2008-10-28,9177.736280448527
2008-10-29,9177.736280448527
2008-10-30,9177.736280448527
2008-10-31,9177.736280448527
2008-11-03,9177.736280448527
2008-11-04,9177.736280448527
2008-11-05,9177.736280448527
2008-11-06,9177.736280448527
2008-11-07,9177.736280448527
2008-11-10,9177.736280448527
2008-11-11,9177.736280448527
2008-11-12,9177.736280448527
2008-11-13,9177.736280448527
2008-11-14,9177.736280448527
2008-11-17,9177.736280448527
2008-11-18,9177.736280448527
2008-11-19,9177.736280448527
2008-11-20,9177.736280448527
2008-11-21,9177.736280448527
2008-11-24,9177.736280448527
2008-11-25,9177.736280448527
2008-11-26,9177.736280448527
2008-11-28,9177.736280448527
2008-12-01,9177.736280448527
2008-12-02,9177.736280448527
2008-12-03,9177.736280448527
2008-12-04,9177.736280448527
2008-12-05,9177.736280448527
2008-12-08,9177.736280448527
2008-12-09,9177.736280448527
2008-12-10,9177.736280448527
2008-12-11,9177.736280448527
2008-12-12,9177.736280448527
2008-12-15,9177.736280448527
2008-12-16,9177.736280448527
2008-12-17,9177.736280448527
2008-12-18,9177.736280448527
2008-12-19,9177.736280448527
2008-12-22,9177.736280448527
2008-12-23,9177.736280448527
2008-12-24,9177.736280448527
2008-12-26,9177.736280448527
2008-12-29,9177.736280448527
2008-12-30,9177.736280448527
2008-12-31,9177.736280448527
2009-01-02,9177.736280448527
2009-01-05,9177.736280448527
2009-01-06,9177.736280448527
2009-01-07,9177.736280448527
2009-01-08,9177.736280448527
2009-01-09,9177.736280448527
2009-01-12,9177.736280448527
2009-01-13,9177.736280448527
2009-01-14,9177.736280448527
2009-01-15,9177.736280448527
2009-01-16,9177.736280448527
2009-01-20,9177.736280448527
2009-01-21,9177.736280448527
2009-01-22,9177.736280448527
2009-01-23,9177.736280448527
2009-01-26,9177.736280448527
2009-01-27,9177.736280448527
2009-01-28,9177.736280448527
2009-01-29,9177.736280448527
2009-01-30,9177.736280448527
2009-02-02,9177.736280448527
2009-02-03,9177.736280448527
2009-02-04,9177.736280448527
2009-02-05,9177.736280448527
2009-02-06,9177.736280448527
2009-02-09,9177.736280448527
2009-02-10,9177.736280448527
2009-02-11,9177.736280448527
2009-02-12,9177.736280448527
2009-02-13,9177.736280448527
2009-02-17,9177.736280448527
2009-02-18,9177.736280448527
2009-02-19,9177.736280448527
2009-02-20,9177.736280448527
2009-02-23,9177.736280448527
2009-02-24,9177.736280448527
2009-02-25,9177.736280448527
2009-02-26,9177.736280448527
2009-02-27,9177.736280448527
2009-03-02,9177.736280448527
2009-03-03,9177.736280448527
2009-03-04,9177.736280448527
2009-03-05,9177.736280448527
2009-03-06,9177.736280448527
2009-03-09,9177.736280448527
2009-03-10,9177.736280448527
2009-03-11,9177.736280448527
2009-03-12,9177.736280448527
2009-03-13,9177.736280448527
2009-03-16,9177.736280448527
2009-03-17,9177.736280448527
2009-03-18,9177.736280448527
2009-03-19,9177.736280448527
2009-03-20,9177.736280448527
2009-03-23,9177.736280448527
2009-03-24,9177.736280448527
2009-03-25,9177.736280448527
2009-03-26,9177.736280448527
2009-03-27,9177.736280448527
2009-03-30,9177.736280448527
2009-03-31,9177.736280448527
2009-04-01,9177.736280448527
2009-04-02,9177.736280448527
2009-04-03,9177.736280448527
2009-04-06,9177.736280448527
2009-04-07,9177.736280448527
2009-04-08,9177.736280448527
2009-04-09,9177.736280448527
2009-04-13,9177.736280448527
2009-04-14,9177.736280448527
2009-04-15,9177.736280448527
2009-04-16,9177.736280448527
2009-04-17,9177.736280448527
2009-04-20,9177.736280448527
2009-04-21,9177.736280448527
2009-04-22,9177.736280448527
2009-04-23,9177.736280448527
2009-04-24,9177.736280448527
2009-04-27,9177.736280448527
2009-04-28,9177.736280448527
2009-04-29,9177.736280448527
2009-04-30,9177.736280448527
2009-05-01,9177.736280448527
2009-05-04,9177.736280448527
2009-05-05,9177.736280448527
2009-05-06,9177.736280448527
2009-05-07,9177.736280448527
2009-05-08,9177.736280448527
2009-05-11,9177.736280448527
2009-05-12,9177.736280448527
2009-05-13,9177.736280448527
2009-05-14,9177.736280448527
2009-05-15,9177.736280448527
2009-05-18,9177.736280448527
2009-05-19,9177.736280448527
2009-05-20,9177.736280448527
2009-05-21,9177.736280448527
2009-05-22,9177.736280448527
2009-05-26,9177.736280448527
2009-05-27,9177.736280448527
2009-05-28,9177.736280448527
2009-05-29,9177.736280448527
2009-06-01,9177.736280448527
2009-06-02,9177.736280448527
2009-06-03,9177.736280448527
2009-06-04,9177.736280448527
2009-06-05,9177.736280448527
2009-06-08,9177.736280448527
2009-06-09,9177.736280448527
2009-06-10,9043.367385801783
2009-06-11,9042.817385801784
2009-06-12,9128.3086662081
2009-06-15,9128.3086662081
2009-06-16,9128.3086662081
2009-06-17,9128.3086662081
2009-06-18,9128.3086662081
2009-06-19,9128.3086662081
2009-06-22,9128.3086662081
2009-06-23,9128.3086662081
2009-06-24,9128.3086662081
2009-06-25,9128.3086662081
2009-06-26,9128.3086662081
2009-06-29,9127.758666208101
2009-06-30,9382.41532598064
2009-07-01,9381.865325980642
2009-07-02,9040.403339899396
2009-07-06,9040.403339899396
2009-07-07,9040.403339899396
2009-07-08,9040.403339899396
2009-07-09,9040.403339899396
2009-07-10,9040.403339899396
2009-07-13,9039.853339899397
2009-07-14,9438.453296639655
2009-07-15,9746.014991655284
2009-07-16,9730.02178351447
2009-07-17,9898.565592383036
2009-07-20,9961.308178166226
2009-07-21,10054.906561272475
2009-07-22,10054.356561272476
2009-07-23,10543.185441778856
2009-07-24,10794.583151753564
2009-07-27,10761.994559719808
2009-07-28,10552.393469912984
2009-07-29,10448.437108514343
2009-07-30,10447.887108514344
2009-07-31,10499.966944559357
2009-08-03,10590.136658960351
2009-08-04,10590.136658960351
2009-08-05,10590.136658960351
2009-08-06,10590.136658960351
2009-08-07,10502.093201301988
2009-08-10,10401.273409579288
2009-08-11,10401.273409579288
2009-08-12,10401.273409579288
2009-08-13,10401.273409579288
2009-08-14,10294.202830968972
2009-08-17,10189.714788997198
2009-08-18,10189.714788997198
2009-08-19,10189.714788997198
2009-08-20,10189.714788997198
2009-08-21,10189.1647889972
2009-08-24,10203.080816586344
2009-08-25,10093.86234406508
2009-08-26,9989.853758723797
2009-08-27,9893.189433176793
2009-08-28,9793.711987828814
2009-08-31,9699.975384115245
2009-09-01,9612.940526853521
2009-09-02,9612.940526853521
2009-09-03,9612.940526853521
2009-09-04,9612.390526853522
2009-09-08,10017.442959114338
2009-09-09,10260.244618022023
2009-09-10,10259.694618022024
2009-09-11,10563.4089526805
2009-09-14,10563.4089526805
2009-09-15,10562.8589526805
2009-09-16,10634.855070176864
2009-09-17,10967.544242588594
2009-09-18,10967.544242588594
2009-09-21,10967.544242588594
2009-09-22,10967.544242588594
2009-09-23,10848.612471381135
2009-09-24,10727.845801973615
2009-09-25,10727.845801973615
2009-09-28,10727.845801973615
2009-09-29,10727.845801973615
2009-09-30,10727.845801973615
2009-10-01,10727.845801973615
2009-10-02,10727.845801973615
2009-10-05,10727.845801973615
2009-10-06,10727.845801973615
2009-10-07,10727.845801973615
2009-10-08,10727.845801973615
2009-10-09,10727.845801973615
2009-10-12,10727.845801973615
2009-10-13,10727.845801973615
2009-10-14,10727.295801973616
2009-10-15,10698.126960349853
2009-10-16,10584.982346826366
2009-10-19,10584.432346826366
2009-10-20,10743.58517616186
2009-10-21,10651.311466771856
2009-10-22,10551.079552723726
2009-10-23,10433.545405347872
2009-10-26,10433.545405347872
2009-10-27,10433.545405347872
2009-10-28,10433.545405347872
2009-10-29,10433.545405347872
2009-10-30,10433.545405347872
2009-11-02,10433.545405347872
2009-11-03,10433.545405347872
2009-11-04,10433.545405347872
2009-11-05,10433.545405347872
2009-11-06,10433.545405347872
2009-11-09,10433.545405347872
2009-11-10,10433.545405347872
2009-11-11,10433.545405347872
2009-11-12,10433.545405347872
2009-11-13,10433.545405347872
2009-11-16,10433.545405347872
2009-11-17,10432.995405347872
2009-11-18,10678.194836533467
2009-11-19,10662.880096946552
2009-11-20,10662.880096946552
2009-11-23,10662.330096946553
2009-11-24,10897.26342777054
2009-11-25,10754.713706692408
2009-11-27,10754.713706692408
2009-11-30,10754.713706692408
2009-12-01,10754.713706692408
2009-12-02,10754.163706692409
2009-12-03,10718.103443628701
2009-12-04,10579.932858362832
2009-12-07,10579.382858362833
2009-12-08,10403.342587821153
2009-12-09,10402.792587821154
2009-12-10,10637.839183484033
2009-12-11,10717.068373033318
2009-12-14,10737.535359570655
2009-12-15,10736.985359570655
2009-12-16,11074.555044587543
2009-12-17,11261.778567370016
2009-12-18,11310.213181745454
2009-12-21,11309.663181745454
2009-12-22,11722.095343358964
2009-12-23,11960.532686791776
2009-12-24,12028.197338306492
2009-12-28,12027.737708572966
2009-12-29,12027.187708572967
2009-12-30,11852.199387549488
2009-12-31,11760.05376519255
2010-01-04,11760.05376519255
2010-01-05,11759.50376519255
2010-01-06,12032.312765850253
2010-01-07,12319.480134963624
2010-01-08,12534.85566179865
2010-01-11,13001.50263660788
2010-01-12,12773.688548625782
2010-01-13,12653.373371730571
2010-01-14,12652.823371730572
2010-01-15,12763.907576051835
2010-01-19,12763.357576051836
2010-01-20,13133.603762255585
2010-01-21,12957.600286410783
2010-01-22,12957.600286410783
2010-01-25,12957.600286410783
2010-01-26,12957.600286410783
2010-01-27,12957.600286410783
2010-01-28,12957.600286410783
2010-01-29,12957.600286410783
2010-02-01,12957.600286410783
2010-02-02,12957.600286410783
2010-02-03,12957.600286410783
2010-02-04,12957.600286410783
2010-02-05,12957.600286410783
2010-02-08,12957.600286410783
2010-02-09,12957.600286410783
2010-02-10,12957.600286410783
2010-02-11,12957.600286410783
2010-02-12,12957.600286410783
2010-02-16,12957.600286410783
2010-02-17,12957.600286410783
2010-02-18,12957.600286410783
2010-02-19,12957.600286410783
2010-02-22,12957.600286410783
2010-02-23,12957.600286410783
2010-02-24,12957.600286410783
2010-02-25,12957.600286410783
2010-02-26,12957.050286410784
2010-03-01,13272.525903152511
2010-03-02,13271.975903152512
2010-03-03,13365.955276188213
2010-03-04,13350.29204734893
2010-03-05,13585.240479938175
2010-03-08,14029.031963717864
2010-03-09,13942.480639553003
2010-03-10,13941.930639553004
2010-03-11,13590.117146118271
2010-03-12,13469.699046878643
2010-03-15,13353.806730966486
2010-03-16,13353.256730966486
2010-03-17,13818.351279296414
2010-03-18,14165.771303350095
2010-03-19,14060.53606735
2010-03-22,14059.98606735
2010-03-23,14533.479820593924
2010-03-24,14385.038424468941
2010-03-25,14239.28146533271
2010-03-26,14087.637571220523
2010-03-29,14087.087571220523
2010-03-30,14093.56141661171
2010-03-31,14223.038324435427
2010-04-01,14609.935326374958
2010-04-05,14609.385326374959
2010-04-06,14862.971571191496
2010-04-07,15187.350409222232
2010-04-08,15018.518435853739
2010-04-09,15017.96843585374
2010-04-12,15102.167035647008
2010-04-13,14893.248822666501
2010-04-14,14892.698822666502
2010-04-15,15076.748653636634
2010-04-16,14853.253317307323
2010-04-19,14853.253317307323
2010-04-20,14852.703317307323
2010-04-21,15229.239982158984
2010-04-22,15031.804258424074
2010-04-23,15031.254258424075
2010-04-26,14858.460315868097
2010-04-27,14655.839879113222
2010-04-28,14655.839879113222
2010-04-29,14655.839879113222
2010-04-30,14411.629216272355
2010-05-03,14411.629216272355
2010-05-04,14411.629216272355
2010-05-05,14411.629216272355
2010-05-06,14411.629216272355
2010-05-07,14411.629216272355
2010-05-10,14411.629216272355
2010-05-11,14411.629216272355
2010-05-12,14411.629216272355
2010-05-13,14411.629216272355
2010-05-14,14411.629216272355
2010-05-17,14411.629216272355
2010-05-18,14411.629216272355
2010-05-19,14411.629216272355
2010-05-20,14411.629216272355
2010-05-21,14411.629216272355
2010-05-24,14411.629216272355
2010-05-25,14411.629216272355
2010-05-26,14411.629216272355
2010-05-27,14411.629216272355
2010-05-28,14411.629216272355
2010-06-01,14411.629216272355
2010-06-02,14411.629216272355
2010-06-03,14411.629216272355
2010-06-04,14411.629216272355
2010-06-07,14411.629216272355
2010-06-08,14411.629216272355
2010-06-09,14411.629216272355
2010-06-10,14411.629216272355
2010-06-11,14411.629216272355
2010-06-14,14411.629216272355
2010-06-15,14411.629216272355
2010-06-16,14411.629216272355
2010-06-17,14167.415907505263
2010-06-18,14166.865907505264
2010-06-21,14689.508782768668
2010-06-22,14689.508782768668
2010-06-23,14689.508782768668
2010-06-24,14689.508782768668
2010-06-25,14689.508782768668
2010-06-28,14689.508782768668
2010-06-29,14689.508782768668
2010-06-30,14689.508782768668
2010-07-01,14689.508782768668
2010-07-02,14689.508782768668
2010-07-06,14446.292875116342
2010-07-07,14446.292875116342
2010-07-08,14179.956771123067
2010-07-09,14179.406771123067
2010-07-12,14534.834362043734
2010-07-13,15014.123083133727
2010-07-14,14514.025241387642
2010-07-15,14291.181588756303
2010-07-16,14078.78191520521
2010-07-19,14078.231915205211
2010-07-20,13869.974046637086
2010-07-21,14995.25591487786
2010-07-22,14994.70591487786
2010-07-23,15398.664618656234
2010-07-26,15730.272509817587
2010-07-27,16315.872900422819
2010-07-28,16315.872900422819
2010-07-29,16027.023204446303
2010-07-30,16027.023204446303
2010-08-02,16026.473204446303
2010-08-03,16141.27916990637
2010-08-04,16140.72916990637
2010-08-05,15853.984098164228
2010-08-06,15387.60953640911
2010-08-09,15387.059536409111
2010-08-10,15054.131625461408
2010-08-11,14524.212110683498
2010-08-12,14523.6621106835
2010-08-13,14538.711659629482
2010-08-16,14538.161659629483
2010-08-17,15263.860244968724
2010-08-18,15415.047450247734
2010-08-19,15363.807687090952
2010-08-20,15363.257687090952
2010-08-23,15902.319360322212
2010-08-24,15231.216390052568
2010-08-25,15231.216390052568
2010-08-26,15049.083600142423
2010-08-27,14866.980224604084
2010-08-30,14659.396242026633
2010-08-31,14659.396242026633
2010-09-01,14658.846242026633
2010-09-02,15142.636547044014
2010-09-03,15882.144584713438
2010-09-07,15833.765554211699
2010-09-08,15854.499424426731
2010-09-09,16352.112309587465
2010-09-10,16331.378439372436
2010-09-13,16787.52358410311
2010-09-14,17077.797767113538
2010-09-15,17022.507446540123
2010-09-16,17175.99660311791
2010-09-17,17020.293129696616
2010-09-20,17019.743129696617
2010-09-21,17182.37525685336
2010-09-22,17034.80435650896
2010-09-23,17034.80435650896
2010-09-24,17034.25435650896
2010-09-27,17560.984508723068
2010-09-28,17390.5694690177
2010-09-29,17227.633293235875
2010-09-30,17073.96084116323
2010-10-01,16909.039775390367
2010-10-04,16746.99924815175
2010-10-05,16746.44924815175
2010-10-06,17207.245647943055
2010-10-07,17030.956746587966
2010-10-08,17030.406746587967
2010-10-11,17965.450670367318
2010-10-12,17818.004711141723
2010-10-13,17817.454711141723
2010-10-14,17513.471669606195
2010-10-15,17295.855273967813
2010-10-18,17295.305273967813
2010-10-19,17152.167492699667
2010-10-20,17151.61749269967
2010-10-21,17923.461764300766
2010-10-22,17922.911764300767
2010-10-25,18686.452940977983
2010-10-26,18686.452940977983
2010-10-27,18686.452940977983
2010-10-28,18686.452940977983
2010-10-29,18686.452940977983
2010-11-01,18686.452940977983
2010-11-02,18686.452940977983
2010-11-03,18686.452940977983
2010-11-04,18685.902940977983
2010-11-05,19345.68549971177
2010-11-08,19345.68549971177
2010-11-09,19100.102218184864
2010-11-10,18848.510004585678
2010-11-11,18605.533211225986
2010-11-12,18376.96515015587
2010-11-15,18376.41515015587
2010-11-16,17855.130644949008
2010-11-17,17855.130644949008
2010-11-18,17854.58064494901
2010-11-19,17960.29894098222
2010-11-22,17959.74894098222
2010-11-23,17741.393715446633
2010-11-24,17740.843715446634
2010-11-26,17594.245150672774
2010-11-29,17594.245150672774
2010-11-30,17594.245150672774
2010-12-01,17593.695150672775
2010-12-02,17870.7612160377
2010-12-03,18754.377316390706
2010-12-06,19690.411321001942
2010-12-07,20304.357113732243
2010-12-08,20011.67551501745
2010-12-09,19702.255066463706
2010-12-10,19701.705066463706
2010-12-13,19586.983723397516
2010-12-14,19323.581005720745
2010-12-15,19086.41875469255
2010-12-16,18846.84545963165
2010-12-17,18846.295459631652
2010-12-20,19243.57391395132
2010-12-21,19243.02391395132
2010-12-22,19451.733500870538
2010-12-23,19232.675976006554
2010-12-27,19066.663412527887
2010-12-28,18901.455562183954
2010-12-29,18900.905562183954
2010-12-30,18949.833611788366
2010-12-31,19023.420308837583
2011-01-03,19022.870308837584
2011-01-04,19124.43319589286
2011-01-05,19123.88319589286
2011-01-06,19636.421789515032
2011-01-07,19462.57083753726
2011-01-10,19291.937135459702
2011-01-11,19291.387135459703
2011-01-12,19988.14152409933
2011-01-13,20279.968103856107
2011-01-14,20279.418103856107
2011-01-18,21216.239048871197
2011-01-19,21457.622673935683
2011-01-20,21178.795665097914
2011-01-21,20892.30175593054
2011-01-24,20892.30175593054
2011-01-25,20892.30175593054
2011-01-26,20891.75175593054
2011-01-27,21366.256176084706
2011-01-28,21520.27387123244
2011-01-31,21520.27387123244
2011-02-01,21520.27387123244
2011-02-02,21520.27387123244
2011-02-03,21220.445569557392
2011-02-04,21219.895569557393
2011-02-07,21895.23562956006
2011-02-08,21820.484860541128
2011-02-09,21534.57153683369
2011-02-10,21534.57153683369
2011-02-11,21534.02153683369
2011-02-14,22095.778620403264
2011-02-15,22125.738998193643
2011-02-16,22127.677112448386
2011-02-17,22127.677112448386
2011-02-18,21954.876447048737
2011-02-22,21954.876447048737
2011-02-23,21954.876447048737
2011-02-24,21954.876447048737
2011-02-25,21954.876447048737
2011-02-28,21954.876447048737
2011-03-01,21676.730641330956
2011-03-02,21676.730641330956
2011-03-03,21676.730641330956
2011-03-04,21676.730641330956
2011-03-07,21676.730641330956
2011-03-08,21676.730641330956
2011-03-09,21676.730641330956
2011-03-10,21676.730641330956
2011-03-11,21676.730641330956
2011-03-14,21676.730641330956
2011-03-15,21676.730641330956
2011-03-16,21676.730641330956
2011-03-17,21676.730641330956
2011-03-18,21676.730641330956
2011-03-21,21676.730641330956
2011-03-22,21676.730641330956
2011-03-23,21676.730641330956
2011-03-24,21282.478673847712
2011-03-25,21281.928673847713
2011-03-28,21210.486173268608
2011-03-29,21210.486173268608
2011-03-30,21209.93617326861
2011-03-31,21116.68992022414
2011-04-01,21590.276942033935
2011-04-04,21354.262349330475
2011-04-05,21354.262349330475
2011-04-06,21128.35720055947
2011-04-07,20937.828857335116
2011-04-08,20746.082674150843
2011-04-11,20548.235988319993
2011-04-12,20361.493168208704
2011-04-13,20179.592453435318
2011-04-14,20179.04245343532
2011-04-15,20710.702958595895
2011-04-18,20512.80583860101
2011-04-19,20512.25583860101
2011-04-20,22039.05805312471
2011-04-21,22275.7317187242
2011-04-25,22275.1817187242
2011-04-26,22940.918167506752
2011-04-27,22894.955831070394
2011-04-28,22894.405831070395
2011-04-29,23444.566510822086
2011-05-02,23396.936146893022
2011-05-03,23146.64839728575
2011-05-04,22912.301720887786
2011-05-05,22911.751720887787
2011-05-06,23845.84114409044
2011-05-09,23845.84114409044
2011-05-10,23845.29114409044
2011-05-11,24089.54396736718
2011-05-12,23777.953930605756
2011-05-13,23444.2723714272
2011-05-16,23444.2723714272
2011-05-17,23444.2723714272
2011-05-18,23443.7223714272
2011-05-19,24298.027508691077
2011-05-20,24169.055453006014
2011-05-23,24169.055453006014
2011-05-24,24169.055453006014
2011-05-25,24169.055453006014
2011-05-26,24168.505453006015
2011-05-27,25118.77434368778
2011-05-31,25741.20148918195
2011-06-01,25460.63469486736
2011-06-02,25460.63469486736
2011-06-03,25460.08469486736
2011-06-06,26508.083871489955
2011-06-07,26508.083871489955
2011-06-08,26508.083871489955
2011-06-09,26508.083871489955
2011-06-10,26508.083871489955
2011-06-13,26508.083871489955
2011-06-14,26508.083871489955
2011-06-15,26508.083871489955
2011-06-16,26508.083871489955
2011-06-17,26508.083871489955
2011-06-20,26508.083871489955
2011-06-21,26508.083871489955
2011-06-22,26508.083871489955
2011-06-23,26508.083871489955
2011-06-24,26508.083871489955
2011-06-27,26508.083871489955
2011-06-28,26508.083871489955
2011-06-29,26507.533871489955
2011-06-30,27646.254325668222
2011-07-01,28385.835651577814
2011-07-05,29254.550224868453
2011-07-06,28480.400357198956
2011-07-07,28479.850357198957
2011-07-08,27224.85444761783
2011-07-11,26175.55837856794
2011-07-12,26175.55837856794
2011-07-13,26175.55837856794
2011-07-14,26175.55837856794
2011-07-15,26175.55837856794
2011-07-18,26175.55837856794
2011-07-19,26175.55837856794
2011-07-20,26175.55837856794
2011-07-21,26175.55837856794
2011-07-22,25812.833397605093
2011-07-25,25812.833397605093
2011-07-26,25812.833397605093
2011-07-27,25812.833397605093
2011-07-28,25812.833397605093
2011-07-29,25812.833397605093
2011-08-01,25812.833397605093
2011-08-02,25812.833397605093
2011-08-03,25812.833397605093
2011-08-04,25812.833397605093
2011-08-05,25812.833397605093
2011-08-08,25812.833397605093
2011-08-09,25812.833397605093
2011-08-10,25812.833397605093
2011-08-11,25812.833397605093
2011-08-12,25812.833397605093
2011-08-15,25812.833397605093
2011-08-16,25812.833397605093
2011-08-17,25812.833397605093
2011-08-18,25812.833397605093
2011-08-19,25812.833397605093
2011-08-22,25812.833397605093
2011-08-23,25812.833397605093
2011-08-24,25812.833397605093
2011-08-25,25812.833397605093
2011-08-26,25812.833397605093
2011-08-29,25812.833397605093
2011-08-30,25812.833397605093
2011-08-31,25812.833397605093
2011-09-01,25812.833397605093
2011-09-02,25812.833397605093
2011-09-06,25812.833397605093
2011-09-07,25812.833397605093
2011-09-08,25812.833397605093
2011-09-09,25812.833397605093
2011-09-12,25812.833397605093
2011-09-13,25812.833397605093
2011-09-14,25812.833397605093
2011-09-15,25812.833397605093
2011-09-16,25812.833397605093
2011-09-19,25812.833397605093
2011-09-20,25812.833397605093
2011-09-21,25812.833397605093
2011-09-22,25812.833397605093
2011-09-23,25812.833397605093
2011-09-26,25812.833397605093
2011-09-27,25812.833397605093
2011-09-28,25812.833397605093
2011-09-29,25812.833397605093
2011-09-30,25812.833397605093
2011-10-03,25812.833397605093
2011-10-04,25812.833397605093
2011-10-05,25812.833397605093
2011-10-06,25812.833397605093
2011-10-07,25812.833397605093
2011-10-10,25812.833397605093
2011-10-11,25812.833397605093
2011-10-12,25812.833397605093
2011-10-13,25812.833397605093
2011-10-14,25812.833397605093
2011-10-17,25812.833397605093
2011-10-18,25812.833397605093
2011-10-19,25812.833397605093
2011-10-20,25812.833397605093
2011-10-21,25812.833397605093
2011-10-24,25812.833397605093
2011-10-25,25812.833397605093
2011-10-26,25812.833397605093
2011-10-27,25196.153677609476
2011-10-28,25196.153677609476
2011-10-31,25196.153677609476
2011-11-01,25196.153677609476
2011-11-02,25196.153677609476
2011-11-03,25196.153677609476
2011-11-04,25196.153677609476
2011-11-07,25196.153677609476
2011-11-08,25196.153677609476
2011-11-09,25196.153677609476
2011-11-10,25196.153677609476
2011-11-11,25196.153677609476
2011-11-14,25196.153677609476
2011-11-15,25196.153677609476
2011-11-16,25196.153677609476
2011-11-17,25196.153677609476
2011-11-18,25196.153677609476
2011-11-21,25196.153677609476
2011-11-22,25196.153677609476
2011-11-23,25196.153677609476
2011-11-25,25196.153677609476
2011-11-28,25196.153677609476
2011-11-29,25196.153677609476
2011-11-30,25195.603677609477
2011-12-01,25713.039645784425
2011-12-02,27041.35929132462
2011-12-05,27041.35929132462
2011-12-06,27041.35929132462
2011-12-07,27041.35929132462
2011-12-08,27041.35929132462
2011-12-09,27041.35929132462
2011-12-12,26696.614798298462
2011-12-13,26351.018177720183
2011-12-14,25998.97469161423
2011-12-15,25998.42469161423
2011-12-16,26554.865864663036
2011-12-19,26554.315864663036
2011-12-20,27765.39634980963
2011-12-21,28106.785204068296
2011-12-22,27671.380380204228
2011-12-23,27239.414341083222
2011-12-27,27238.864341083223
2011-12-28,27146.43194018677
2011-12-29,27145.88194018677
2011-12-30,27297.11811111287
2012-01-03,27296.568111112872
2012-01-04,27127.524191816683
2012-01-05,27666.854791475944
2012-01-06,28468.315050354166
2012-01-09,28467.765050354166
2012-01-10,29203.57931601607
2012-01-11,29203.02931601607
2012-01-12,28868.25184830454
2012-01-13,28586.87177349822
2012-01-17,28288.012375523627
2012-01-18,28288.012375523627
2012-01-19,27946.809252029412
2012-01-20,27946.259252029413
2012-01-23,28961.62418919992
2012-01-24,28952.13479726375
2012-01-25,29184.095656285805
2012-01-26,28791.774328008338
2012-01-27,28791.22432800834
2012-01-30,28801.875909335755
2012-01-31,29191.303600476975
2012-02-01,29190.753600476975
2012-02-02,29813.48967728715
2012-02-03,31381.450156398485
2012-02-06,31459.292165999756
2012-02-07,31619.677044123768
2012-02-08,31278.21855087851
2012-02-09,30980.51845510649
2012-02-10,30703.220628660336
2012-02-13,30365.878285620012
2012-02-14,30018.928115242536
2012-02-15,29648.224970626696
2012-02-16,29283.51777080999
2012-02-17,28831.968812159415
2012-02-21,28369.625298134008
2012-02-22,28369.07529813401
2012-02-23,29313.649821715724
2012-02-24,30959.33600673215
2012-02-27,30958.78600673215
2012-02-28,31388.437624404614
2012-02-29,32098.748461956075
2012-03-01,32098.198461956075
2012-03-02,32006.607329178518
2012-03-05,32006.05732917852
2012-03-06,29862.23110227966
2012-03-07,29861.68110227966
2012-03-08,31664.78222064871
2012-03-09,32432.554309760693
2012-03-12,32956.03527960977
2012-03-13,34584.64274136246
2012-03-14,34904.83752754103
2012-03-15,34501.66572053999
2012-03-16,34079.288616510195
2012-03-19,34078.73861651019
2012-03-20,35191.903200343935
2012-03-21,38054.326415916425
2012-03-22,37174.09313205198
2012-03-23,36549.03630496747
2012-03-26,36548.48630496747
2012-03-27,37335.21635605637
2012-03-28,36550.75417852456
2012-03-29,36550.20417852456
2012-03-30,39489.59670108333
2012-04-02,39489.04670108332
2012-04-03,39046.92474566457
2012-04-04,38257.32022929551
2012-04-05,38256.77022929551
2012-04-09,36123.09648533034
2012-04-10,35116.779354141836
2012-04-11,34500.949906420705
2012-04-12,34500.3999064207
2012-04-13,36583.53758549199
2012-04-16,35972.75498406093
2012-04-17,35972.204984060925
2012-04-18,36306.00819624927
2012-04-19,35633.77127070167
2012-04-20,35633.221270701666
2012-04-23,34244.62147162035
2012-04-24,34244.071471620344
2012-04-25,36231.95294806709
2012-04-26,36888.3289072712
2012-04-27,37701.35104585191
2012-04-30,37200.75843211963
2012-05-01,37200.20843211962
2012-05-02,37470.59153398845
2012-05-03,37810.77352832686
2012-05-04,37402.63460798421
2012-05-07,37402.63460798421
2012-05-08,37402.63460798421
2012-05-09,37402.63460798421
2012-05-10,37402.63460798421
2012-05-11,37402.63460798421
2012-05-14,37402.63460798421
2012-05-15,37402.63460798421
2012-05-16,37402.63460798421
2012-05-17,36875.2725448323
2012-05-18,36348.985791563806
2012-05-21,36348.985791563806
2012-05-22,35634.61428858425
2012-05-23,34916.480297237766
2012-05-24,34141.98264365944
2012-05-25,34141.432643659435
2012-05-29,35463.57635878154
2012-05-30,35211.98641287227
2012-05-31,35211.98641287227
2012-06-01,35211.98641287227
2012-06-04,35211.98641287227
2012-06-05,35211.98641287227
2012-06-06,35211.43641287227
2012-06-07,37656.00058517589
2012-06-08,37655.45058517589
2012-06-11,40576.55923814185
2012-06-12,40576.55923814185
2012-06-13,39836.314927530344
2012-06-14,39836.314927530344
2012-06-15,39835.76492753034
2012-06-18,41396.72750306052
2012-06-19,44767.90219203588
2012-06-20,43710.7701920033
2012-06-21,42612.15908693718
2012-06-22,42611.60908693718
2012-06-25,42761.64996400385
2012-06-26,42580.35540701995
2012-06-27,41595.1117531133
2012-06-28,41594.561753113296
2012-06-29,45614.30726136938
2012-07-02,46741.79685514853
2012-07-03,48580.0951058754
2012-07-05,48177.37906311663
2012-07-06,48176.829063116624
2012-07-09,49506.4991326018
2012-07-10,48792.95354153937
2012-07-11,48060.20126695567
2012-07-12,47340.945082298786
2012-07-13,47340.39508229878
2012-07-16,49543.06199736637
2012-07-17,49954.99314337134
2012-07-18,49954.44314337134
2012-07-19,49198.21745629024
2012-07-20,48431.47257339302
2012-07-23,48431.47257339302
2012-07-24,47701.04992948119
2012-07-25,47009.1899301918
2012-07-26,46269.40039862144
2012-07-27,45533.85274097565
2012-07-30,44837.28186807655
2012-07-31,44836.731868076546
2012-08-01,45300.467553101
2012-08-02,45299.917553101
2012-08-03,49014.11284295994
2012-08-06,50871.2104878894
2012-08-07,51231.20894548456
2012-08-08,51230.65894548456
2012-08-09,52121.99413023071
2012-08-10,52121.44413023071
2012-08-13,53362.4308952362
2012-08-14,53941.695946754546
2012-08-15,53941.14594675454
2012-08-16,53519.524460526176
2012-08-17,52860.33090002019
2012-08-20,52208.52853727756
2012-08-21,51550.79112504952
2012-08-22,51550.24112504952
2012-08-23,51276.4082595235
2012-08-24,51275.8582595235
2012-08-27,53766.31120811998
2012-08-28,53765.76120811998
2012-08-29,53719.37142278079
2012-08-30,52188.508506587554
2012-08-31,52651.493936074075
2012-09-04,52090.30343027453
2012-09-05,52089.753430274526
2012-09-06,54376.39756680984
2012-09-07,59407.01466718755
2012-09-10,59876.69873856768
2012-09-11,59876.148738567674
2012-09-12,60549.56487632171
2012-09-13,59645.415993326445
2012-09-14,58537.25508074628
2012-09-17,58536.70508074628
2012-09-18,59603.29027514358
2012-09-19,61500.77175792822
2012-09-20,61500.221757928215
2012-09-21,62603.36474910182
2012-09-24,62396.52543825677
2012-09-25,63647.50408438302
2012-09-26,62699.287751164586
2012-09-27,61727.74802674468
2012-09-28,60778.367621540056
2012-10-01,59895.19730552747
2012-10-02,58976.07374542945
2012-10-03,58084.85120702911
2012-10-04,58084.30120702911
2012-10-05,59788.67363368925
2012-10-08,59788.12363368925
2012-10-09,58888.309590158235
2012-10-10,58076.85398365989
2012-10-11,58076.303983659884
2012-10-12,58200.54998062749
2012-10-15,57544.29998620524
2012-10-16,57543.749986205235
2012-10-17,57379.526740450834
2012-10-18,57378.97674045083
2012-10-19,56804.61536433897
2012-10-22,56804.61536433897
2012-10-23,56804.61536433897
2012-10-24,56804.61536433897
2012-10-25,56804.61536433897
2012-10-26,56804.61536433897
2012-10-31,56804.61536433897
2012-11-01,56804.61536433897
2012-11-02,56804.61536433897
2012-11-05,56804.61536433897
2012-11-06,56804.61536433897
2012-11-07,56804.61536433897
2012-11-08,56804.61536433897
2012-11-09,56804.61536433897
2012-11-12,56804.06536433897
2012-11-13,58643.93574494767
2012-11-14,60390.0063878274
2012-11-15,59384.34347236897
2012-11-16,58424.2805336837
2012-11-19,58423.730533683694
2012-11-20,62126.52003238055
2012-11-21,62563.16973741555
2012-11-23,63401.53717108275
2012-11-26,63471.40112388836
2012-11-27,64347.44723409312
2012-11-28,64347.44723409312
2012-11-29,63247.872073112834
2012-11-30,62290.78947827681
2012-12-03,62290.78947827681
2012-12-04,62290.78947827681
2012-12-05,62290.78947827681
2012-12-06,62290.78947827681
2012-12-07,62290.78947827681
2012-12-10,62290.78947827681
2012-12-11,62290.78947827681
2012-12-12,62290.78947827681
2012-12-13,62290.78947827681
2012-12-14,62290.78947827681
2012-12-17,62290.78947827681
2012-12-18,62290.78947827681
2012-12-19,62290.78947827681
2012-12-20,62290.78947827681
2012-12-21,62290.78947827681
2012-12-24,62290.78947827681
2012-12-26,62290.78947827681
2012-12-27,62290.78947827681
2012-12-28,62290.78947827681
2012-12-31,62290.78947827681
2013-01-02,61120.32493233761
2013-01-03,61119.774932337605
2013-01-04,61466.43086956461
2013-01-07,61856.418798945
2013-01-08,63026.38258708617
2013-01-09,63215.81628409093
2013-01-10,63215.266284090925
2013-01-11,63452.02758103508
2013-01-14,63901.87404522899
2013-01-15,64043.93082339548
2013-01-16,65298.76569719954
2013-01-17,66367.4001126
2013-01-18,66366.85011259999
2013-01-22,69295.46358158783
2013-01-23,69294.91358158783
2013-01-24,69945.90096237455
2013-01-25,69097.51774714081
2013-01-28,68242.39627533488
2013-01-29,68241.84627533487
2013-01-30,69753.34387257264
2013-01-31,69753.34387257264
2013-02-01,69752.79387257264
2013-02-04,67523.93435297518
2013-02-05,67523.93435297518
2013-02-06,67523.38435297518
2013-02-07,69140.22647654916
2013-02-08,69139.67647654915
2013-02-11,70326.11451132476
2013-02-12,71334.58684088405
2013-02-13,71328.06756714814
2013-02-14,71327.51756714814
2013-02-15,72782.77826069648
2013-02-19,72782.22826069647
2013-02-20,74321.78727865327
2013-02-21,74321.78727865327
2013-02-22,74321.78727865327
2013-02-25,74321.78727865327
2013-02-26,74321.78727865327
2013-02-27,74321.78727865327
2013-02-28,74321.78727865327
2013-03-01,74321.78727865327
2013-03-04,74321.78727865327
2013-03-05,74321.23727865327
2013-03-06,73375.04205301095
2013-03-07,73374.49205301095
2013-03-08,74222.80759546168
2013-03-11,74222.25759546168
2013-03-12,75727.41432362076
2013-03-13,74443.56162164513
2013-03-14,74443.01162164513
2013-03-15,73585.56525798842
2013-03-18,73585.01525798842
2013-03-19,75216.23740191082
2013-03-20,75215.68740191082
2013-03-21,73793.75029378994
2013-03-22,72821.65407150664
2013-03-25,71858.57966495171
2013-03-26,71858.02966495171
2013-03-27,70868.83358303497
2013-03-28,72140.65711692792
2013-04-01,71599.89123034892
2013-04-02,71599.34123034892
2013-04-03,72039.79841414584
2013-04-04,72039.79841414584
2013-04-05,72039.79841414584
2013-04-08,72039.79841414584
2013-04-09,71229.04059205702
2013-04-10,71228.49059205702
2013-04-11,72573.8345906478
2013-04-12,70990.5901366214
2013-04-15,70182.01536711851
2013-04-16,70182.01536711851
2013-04-17,70182.01536711851
2013-04-18,70182.01536711851
2013-04-19,70182.01536711851
2013-04-22,70182.01536711851
2013-04-23,68767.07945449618
2013-04-24,68767.07945449618
2013-04-25,67204.17328457772
2013-04-26,67204.17328457772
2013-04-29,67204.17328457772
2013-04-30,67204.17328457772
2013-05-01,67204.17328457772
2013-05-02,67204.17328457772
2013-05-03,66275.41632112824
2013-05-06,66274.86632112824
2013-05-07,67521.27650106631
2013-05-08,66943.42460672915
2013-05-09,66374.9990068254
2013-05-10,65817.95976700864
2013-05-13,65256.93519991606
2013-05-14,64709.004597655534
2013-05-15,64196.16715029052
2013-05-16,63727.35345817405
2013-05-17,63726.80345817405
2013-05-20,64314.625302335175
2013-05-21,64172.95482821624
2013-05-22,63712.63028481
2013-05-23,63712.08028481
2013-05-24,65408.459278568385
2013-05-28,67539.10771570037
2013-05-29,67539.10771570037
2013-05-30,67539.10771570037
2013-05-31,67539.10771570037
2013-06-03,67539.10771570037
2013-06-04,67539.10771570037
2013-06-05,67539.10771570037
2013-06-06,67539.10771570037
2013-06-07,67539.10771570037
2013-06-10,67539.10771570037
2013-06-11,67539.10771570037
2013-06-12,67539.10771570037
2013-06-13,67539.10771570037
2013-06-14,67539.10771570037
2013-06-17,67539.10771570037
2013-06-18,67539.10771570037
2013-06-19,67539.10771570037
2013-06-20,67539.10771570037
2013-06-21,67539.10771570037
2013-06-24,67539.10771570037
2013-06-25,67539.10771570037
2013-06-26,67539.10771570037
2013-06-27,67538.55771570037
2013-06-28,67314.37010737024
2013-07-01,67314.37010737024
2013-07-02,67314.37010737024
2013-07-03,67314.37010737024
2013-07-05,66318.4436980514
2013-07-08,66317.8936980514
2013-07-09,68457.26597123119
2013-07-10,68456.71597123118
2013-07-11,70557.8390030514
2013-07-12,69781.24999939016
2013-07-15,69780.69999939016
2013-07-16,70078.81097896675
2013-07-17,70078.26097896675
2013-07-18,72117.79127521142
2013-07-19,71628.92672402867
2013-07-22,70969.8724647847
2013-07-23,70307.44685952253
2013-07-24,69632.90452823933
2013-07-25,69632.35452823933
2013-07-26,70616.62501559244
2013-07-29,69860.60127769825
2013-07-30,69860.05127769825
2013-07-31,71065.30455852755
2013-08-01,74190.03528660351
2013-08-02,74457.86934901003
2013-08-05,76377.34679625668
2013-08-06,75995.97022778999
2013-08-07,75290.67967713335
2013-08-08,74578.55201016153
2013-08-09,73913.31759199197
2013-08-12,73912.76759199197
2013-08-13,75946.73834055505
2013-08-14,75258.38413470039
2013-08-15,74659.66984935076
2013-08-16,74659.11984935075
2013-08-19,75637.70584737502
2013-08-20,75637.70584737502
2013-08-21,75637.70584737502
2013-08-22,75637.70584737502
2013-08-23,75637.15584737502
2013-08-26,77201.86074141282
2013-08-27,77201.86074141282
2013-08-28,77201.86074141282
2013-08-29,77201.86074141282
2013-08-30,77201.86074141282
2013-09-03,77201.86074141282
2013-09-04,77201.86074141282
2013-09-05,77201.86074141282
2013-09-06,77201.86074141282
2013-09-09,77201.86074141282
2013-09-10,77201.86074141282
2013-09-11,77201.31074141282
2013-09-12,79391.32222275308
2013-09-13,78508.76122402732
2013-09-16,77637.49467291635
2013-09-17,77637.49467291635
2013-09-18,77637.49467291635
2013-09-19,76733.72190866526
2013-09-20,75869.29700987486
2013-09-23,75101.18865486833
2013-09-24,74362.48769486515
2013-09-25,73603.78641510336
2013-09-26,72892.92601670133
2013-09-27,72892.92601670133
2013-09-30,72892.92601670133
2013-10-01,72892.92601670133
2013-10-02,72892.92601670133
2013-10-03,72892.92601670133
2013-10-04,72892.92601670133
2013-10-07,72892.92601670133
2013-10-08,72892.92601670133
2013-10-09,72892.92601670133
2013-10-10,72892.92601670133
2013-10-11,72892.92601670133
2013-10-14,72892.92601670133
2013-10-15,72892.92601670133
2013-10-16,72892.92601670133
2013-10-17,72892.37601670132
2013-10-18,77411.61052765984
2013-10-21,75671.44146722674
2013-10-22,74030.32111957594
2013-10-23,72586.82616521476
2013-10-24,72586.27616521476
2013-10-25,73312.69771267266
2013-10-28,73089.1833903779
2013-10-29,73256.81913209897
2013-10-30,73479.78345439369
2013-10-31,73479.23345439369
2013-11-01,73783.40697772085
2013-11-04,73782.85697772085
2013-11-05,74594.29452500136
2013-11-06,75526.82524109137
2013-11-07,74946.6707834434
2013-11-08,74946.1207834434
2013-11-11,77128.00186706908
2013-11-12,77307.33455887392
2013-11-13,76604.94818263825
2013-11-14,78024.66532609331
2013-11-15,79160.43904085737
2013-11-18,80181.41287284186
2013-11-19,79614.88862503089
2013-11-20,79614.31941500666
2013-11-21,82843.2695576702
2013-11-22,84962.7855487519
2013-11-25,85840.24238195345
2013-11-26,85185.77314168775
2013-11-27,84539.16823866188
2013-11-29,83932.81393928168
2013-12-02,83932.81393928168
2013-12-03,83932.81393928168
2013-12-04,83932.81393928168
2013-12-05,83932.81393928168
2013-12-06,83932.81393928168
2013-12-09,83932.81393928168
2013-12-10,83932.81393928168
2013-12-11,83932.81393928168
2013-12-12,83932.81393928168
2013-12-13,83932.81393928168
2013-12-16,83932.81393928168
2013-12-17,83932.81393928168
2013-12-18,83932.81393928168
2013-12-19,83932.16162400265
2013-12-20,83495.90839268961
2013-12-23,83495.90839268961
2013-12-24,83495.23114591023
2013-12-26,85721.50795560534
2013-12-27,84877.30819675235
2013-12-30,84113.61877791729
2013-12-31,84113.61877791729
2014-01-02,84113.61877791729
2014-01-03,84113.61877791729
2014-01-06,83572.19180911817
2014-01-07,83572.19180911817
2014-01-08,83571.50601439546
2014-01-09,83514.06179992214
2014-01-10,83016.3230225622
2014-01-13,82443.69975760509
2014-01-14,82443.02241482804
2014-01-15,84307.26375555567
2014-01-16,83592.12069151673
2014-01-17,83591.42239767741
2014-01-21,83774.25956290888
2014-01-22,83773.5423175359
2014-01-23,83146.8708331776
2014-01-24,83146.8708331776
2014-01-27,83146.8708331776
2014-01-28,83146.8708331776
2014-01-29,83146.8708331776
2014-01-30,83146.8708331776
2014-01-31,83146.8708331776
2014-02-03,83146.8708331776
2014-02-04,83146.8708331776
2014-02-05,83146.8708331776
2014-02-06,83146.8708331776
2014-02-07,83146.8708331776
2014-02-10,83146.8708331776
2014-02-11,83146.8708331776
2014-02-12,83146.8708331776
2014-02-13,83146.8708331776
2014-02-14,83146.8708331776
2014-02-18,83146.8708331776
2014-02-19,83146.8708331776
2014-02-20,83146.8708331776
2014-02-21,83146.8708331776
2014-02-24,83146.8708331776
2014-02-25,83146.8708331776
2014-02-26,82200.95318967022
2014-02-27,82200.95318967022
2014-02-28,81298.08128060646
2014-03-03,81298.08128060646
2014-03-04,81298.08128060646
2014-03-05,80333.98328582723
2014-03-06,79487.64405380661
2014-03-07,78718.7836993
2014-03-10,78718.7836993
2014-03-11,77925.03295660665
2014-03-12,77925.03295660665
2014-03-13,77134.1250777739
2014-03-14,77134.1250777739
2014-03-17,77134.1250777739
2014-03-18,77134.1250777739
2014-03-19,76300.83271217076
2014-03-20,76300.83271217076
2014-03-21,75366.61801565943
2014-03-24,75366.61801565943
2014-03-25,75366.61801565943
2014-03-26,74499.21098987553
2014-03-27,74499.21098987553
2014-03-28,73765.24111328773
2014-03-31,73765.24111328773
2014-04-01,73764.63781084584
2014-04-02,75870.09126246095
2014-04-03,75246.15594039243
2014-04-04,74643.5937255198
2014-04-07,74643.5937255198
2014-04-08,74643.5937255198
2014-04-09,74643.5937255198
2014-04-10,74643.5937255198
2014-04-11,74643.5937255198
2014-04-14,74643.5937255198
2014-04-15,74643.5937255198
2014-04-16,74643.5937255198
2014-04-17,74643.5937255198
2014-04-21,74643.5937255198
2014-04-22,74642.96836029086
2014-04-23,74715.73752271864
2014-04-24,75115.34255084247
2014-04-25,75115.34255084247
2014-04-28,75115.34255084247
2014-04-29,75115.34255084247
2014-04-30,75115.34255084247
2014-05-01,75115.34255084247
2014-05-02,74630.86928432138
2014-05-05,74630.86928432138
2014-05-06,74630.86928432138
2014-05-07,74630.86928432138
2014-05-08,74630.86928432138
2014-05-09,74630.86928432138
2014-05-12,74630.19077701335
2014-05-13,76150.03332920326
2014-05-14,75617.10152518861
2014-05-15,75180.5045179801
2014-05-16,74577.48578242185
2014-05-19,74576.78744380192
2014-05-20,75432.6759085804
2014-05-21,75431.94486876242
2014-05-22,75878.53941126144
2014-05-23,75963.60503840412
2014-05-27,77920.11446268552
2014-05-28,78411.80704622706
2014-05-29,77887.49522000186
2014-05-30,77886.69932741916
2014-06-02,77642.44958735895
2014-06-03,77641.65478116342
2014-06-04,77479.80499454396
2014-06-05,79194.27107595709
2014-06-06,79193.39742285432
2014-06-09,81199.67988408508
2014-06-10,81198.77627806501
2014-06-11,81003.48449997402
2014-06-12,80431.56679952475
2014-06-13,79768.43220234041
2014-06-16,79038.7919004333
2014-06-17,79038.7919004333
2014-06-18,79037.90284334181
2014-06-19,82626.95357454807
2014-06-20,81657.55828947159
2014-06-23,81656.60353485723
2014-06-24,81552.1892674838
2014-06-25,81551.26711073838
2014-06-26,85090.1796041008
2014-06-27,85089.18505295362
2014-06-30,86854.04064228723
2014-07-01,88329.5756432055
2014-07-02,89862.97476180684
2014-07-03,91888.21888071428
2014-07-07,90193.39690241848
2014-07-08,89324.30386481747
2014-07-09,89323.19936016087
2014-07-10,85016.58812375551
2014-07-11,85016.58812375551
2014-07-14,85015.53079914743
2014-07-15,85677.46538271953
2014-07-16,85004.12169621476
2014-07-17,84362.24520542959
2014-07-18,84362.24520542959
2014-07-21,84362.24520542959
2014-07-22,83337.47287476425
2014-07-23,82349.07873839518
2014-07-24,81372.50973780523
2014-07-25,80468.67630033391
2014-07-28,80468.67630033391
2014-07-29,79535.17897210235
2014-07-30,79535.17897210235
2014-07-31,79535.17897210235
2014-08-01,79535.17897210235
2014-08-04,79535.17897210235
2014-08-05,79535.17897210235
2014-08-06,79535.17897210235
2014-08-07,79535.17897210235
2014-08-08,79535.17897210235
2014-08-11,79535.17897210235
2014-08-12,79535.17897210235
2014-08-13,79534.29331554998
2014-08-14,83192.81927953058
2014-08-15,84779.14127733433
2014-08-18,84779.14127733433
2014-08-19,84778.07960776005
2014-08-20,83326.50593141589
2014-08-21,83789.77412599382
2014-08-22,82857.38891424077
2014-08-25,82856.347897156
2014-08-26,81870.02493235152
2014-08-27,81157.2432894182
2014-08-28,81156.269883892
2014-08-29,82481.80218005291
2014-09-02,82021.95731445983
2014-09-03,81544.81035123629
2014-09-04,81056.1950813588
2014-09-05,80548.8667702894
2014-09-08,79994.5995727305
2014-09-09,79472.95065475418
2014-09-10,78933.19335336048
2014-09-11,78932.24364089232
2014-09-12,79665.49912829908
2014-09-15,79039.76876610442
2014-09-16,79039.76876610442
2014-09-17,79038.7896698697
2014-09-18,79950.22796516189
2014-09-19,80574.86576720164
2014-09-22,79796.20693508929
2014-09-23,79796.20693508929
2014-09-24,79796.20693508929
2014-09-25,79796.20693508929
2014-09-26,79796.20693508929
2014-09-29,79796.20693508929
2014-09-30,79796.20693508929
2014-10-01,79796.20693508929
2014-10-02,79796.20693508929
2014-10-03,79795.30729762999
2014-10-06,83772.3960856347
2014-10-07,83772.3960856347
2014-10-08,83772.3960856347
2014-10-09,83772.3960856347
2014-10-10,83772.3960856347
2014-10-13,83772.3960856347
2014-10-14,83772.3960856347
2014-10-15,83772.3960856347
2014-10-16,83772.3960856347
2014-10-17,83772.3960856347
2014-10-20,83772.3960856347
2014-10-21,83772.3960856347
2014-10-22,80918.40248611635
2014-10-23,80917.56843211771
2014-10-24,77966.94322777682
2014-10-27,77966.94322777682
2014-10-28,77966.11063576891
2014-10-29,79731.08083712128
2014-10-30,79730.21569952539
2014-10-31,81950.7480936771
2014-11-03,80315.1500016671
2014-11-04,78940.95545791274
2014-11-05,77575.49117051116
2014-11-06,76438.63681851827
2014-11-07,76437.74278036221
2014-11-10,77790.1628635806
2014-11-11,79721.79906208329
2014-11-12,79720.84053223272
2014-11-13,79512.28431872398
2014-11-14,78662.53656388547
2014-11-17,78662.53656388547
2014-11-18,78661.5847776502
2014-11-19,77750.39021825812
2014-11-20,77749.477732883
2014-11-21,81463.10026030756
2014-11-24,81462.0871293121
2014-11-25,82105.78565870461
2014-11-26,82104.74572267587
2014-11-28,82503.79242341586
2014-12-01,81874.4204814815
2014-12-02,81873.43365356984
2014-12-03,87327.83491380065
2014-12-04,86046.92972586167
2014-12-05,86045.79687897951
2014-12-08,84810.00071471825
2014-12-09,84810.00071471825
2014-12-10,83886.86539309751
2014-12-11,83886.86539309751
2014-12-12,83886.86539309751
2014-12-15,83886.86539309751
2014-12-16,83886.86539309751
2014-12-17,83886.86539309751
2014-12-18,81841.25601058097
2014-12-19,81840.31980652927
2014-12-22,84373.14833964314
2014-12-23,84629.71633084776
2014-12-24,84628.68471861412
2014-12-26,84358.59317163982
2014-12-29,82948.11509299625
2014-12-30,82437.94217093369
2014-12-31,80749.28849696147
2015-01-02,80749.28849696147
2015-01-05,80749.28849696147
2015-01-06,80749.28849696147
2015-01-07,80749.28849696147
2015-01-08,80749.28849696147
2015-01-09,80749.28849696147
2015-01-12,80749.28849696147
2015-01-13,80749.28849696147
2015-01-14,80749.28849696147
2015-01-15,80749.28849696147
2015-01-16,80749.28849696147
2015-01-20,80749.28849696147
2015-01-21,80749.28849696147
2015-01-22,80749.28849696147
2015-01-23,80748.41341600558
2015-01-26,78927.77148686927
2015-01-27,78926.92889614105
2015-01-28,79926.76697835108
2015-01-29,79926.76697835108
2015-01-30,79926.76697835108
2015-02-02,79926.76697835108
2015-02-03,79925.96549567462
2015-02-04,81371.53429985544
2015-02-05,81138.37804111661
2015-02-06,82573.93566117517
2015-02-09,82573.93566117517
2015-02-10,80986.14755414904
2015-02-11,80985.31604315077
2015-02-12,83210.71899296255
2015-02-13,85271.1669331824
2015-02-17,85270.22804901733
2015-02-18,84805.91226527828
2015-02-19,85570.66767378965
2015-02-20,86745.11347971782
2015-02-23,90459.63974963017
2015-02-24,91279.02054446377
2015-02-25,93202.39741937399
2015-02-26,92061.54182346245
2015-02-27,92060.40059897627
2015-03-02,92923.57060098615
2015-03-03,93548.06158228239
2015-03-04,92378.7530883813
2015-03-05,91167.09454497995
2015-03-06,90032.89863425918
2015-03-09,90031.78776531067
2015-03-10,87152.1479537729
2015-03-11,86229.90965501234
2015-03-12,86228.87648905054
2015-03-13,88699.14664834719
2015-03-16,88698.0475015678
2015-03-17,88442.24923912635
2015-03-18,89561.36663730764
2015-03-19,91675.55919747593
2015-03-20,91674.33821826345
2015-03-23,92704.38696228887
2015-03-24,93556.84109527543
2015-03-25,93357.60206562157
2015-03-26,93356.40327310345
2015-03-27,95937.04348311826
2015-03-30,99145.40698746101
2015-03-31,98343.33783595302
2015-04-01,97075.59774634674
2015-04-02,97074.28294190524
2015-04-06,97342.02131093336
2015-04-07,101013.86180046167
2015-04-08,101205.1034926246
2015-04-09,102849.78204522585
2015-04-10,106406.87751945641
2015-04-13,109684.01897900815
2015-04-14,109682.37539219367
2015-04-15,113507.3928426625
2015-04-16,113889.8945877094
2015-04-17,111972.63435942301
2015-04-20,111970.87035424147
2015-04-21,113608.89963121813
2015-04-22,112352.74427330923
2015-04-23,112350.94038466636
2015-04-24,114712.35669354539
2015-04-27,115021.99727276656
2015-04-28,113941.23984462398
2015-04-29,112750.63976011943
2015-04-30,111541.31720802873
2015-05-01,111539.53715567078
2015-05-04,115025.56829301278
2015-05-05,113719.42848566835
2015-05-06,112421.4884439581
2015-05-07,111060.0544920881
2015-05-08,111058.22346600983
2015-05-11,110817.49730270218
2015-05-12,109463.4411686245
2015-05-13,109461.63646560763
2015-05-14,111666.61907067025
2015-05-15,111917.59976525242
2015-05-18,111915.6809784734
2015-05-19,114932.69454375045
2015-05-20,113702.50853637935
2015-05-21,113700.4812937803
2015-05-22,117710.66424397587
2015-05-26,115048.64713511064
2015-05-27,115046.58948826087
2015-05-28,115910.97259356339
2015-05-29,114844.14135730485
2015-06-01,113737.05423052245
2015-06-02,113737.05423052245
2015-06-03,113734.99105836458
2015-06-04,113192.76170176065
2015-06-05,113192.76170176065
2015-06-08,112238.43624542463
2015-06-09,111280.03195127012
2015-06-10,111278.014413771
2015-06-11,115679.83460418916
2015-06-12,114472.01165618208
2015-06-15,114472.01165618208
2015-06-16,114472.01165618208
2015-06-17,113493.93483254363
2015-06-18,113491.81106879302
2015-06-19,114259.78809954543
2015-06-22,114257.58401412684
2015-06-23,117271.11176309652
2015-06-24,117954.64537999016
2015-06-25,116927.94905964614
2015-06-26,116927.94905964614
2015-06-29,116927.94905964614
2015-06-30,116927.94905964614
2015-07-01,116927.94905964614
2015-07-02,116927.94905964614
2015-07-06,116927.94905964614
2015-07-07,116927.94905964614
2015-07-08,116927.94905964614
2015-07-09,116927.94905964614
2015-07-10,116927.94905964614
2015-07-13,116927.94905964614
2015-07-14,116925.70984056596
2015-07-15,115994.90445230491
2015-07-16,115992.5754074214
2015-07-17,120735.26248599587
2015-07-20,121074.0258487512
2015-07-21,121819.3052468129
2015-07-22,119312.45636242355
2015-07-23,122156.75568472006
2015-07-24,120627.08787022463
2015-07-27,120627.08787022463
2015-07-28,120627.08787022463
2015-07-29,120624.55175025793
2015-07-30,120093.40692674044
2015-07-31,118587.05965274954
2015-08-03,117060.07490138184
2015-08-04,115496.54200982224
2015-08-05,115494.02763766797
2015-08-06,114256.48035167041
2015-08-07,112742.17744590115
2015-08-10,112739.715239834
2015-08-11,108609.0740022398
2015-08-12,107562.12381300914
2015-08-13,106278.08840996132
2015-08-14,104999.84530756183
2015-08-17,104997.61178671873
2015-08-18,105674.67885500933
2015-08-19,105674.67885500933
2015-08-20,105674.67885500933
2015-08-21,105674.67885500933
2015-08-24,105674.67885500933
2015-08-25,105674.67885500933
2015-08-26,105674.67885500933
2015-08-27,105674.67885500933
2015-08-28,105674.67885500933
2015-08-31,105674.67885500933
2015-09-01,105674.67885500933
2015-09-02,105674.67885500933
2015-09-03,105674.67885500933
2015-09-04,105674.67885500933
2015-09-08,105674.67885500933
2015-09-09,105674.67885500933
2015-09-10,105674.67885500933
2015-09-11,105674.67885500933
2015-09-14,105674.67885500933
2015-09-15,105674.67885500933
2015-09-16,105674.67885500933
2015-09-17,105674.67885500933
2015-09-18,105674.67885500933
2015-09-21,105674.67885500933
2015-09-22,105674.67885500933
2015-09-23,105674.67885500933
2015-09-24,105674.67885500933
2015-09-25,105674.67885500933
2015-09-28,105674.67885500933
2015-09-29,105674.67885500933
2015-09-30,105674.67885500933
2015-10-01,105674.67885500933
2015-10-02,105674.67885500933
2015-10-05,105674.67885500933
2015-10-06,105674.67885500933
2015-10-07,105674.67885500933
2015-10-08,105674.67885500933
2015-10-09,103433.88965945349
2015-10-12,103433.88965945349
2015-10-13,101374.65065212875
2015-10-14,99469.6400765796
2015-10-15,99468.01262827992
2015-10-16,104383.68405109174
2015-10-19,104381.86724646427
2015-10-20,108997.95698541109
2015-10-21,106799.187563947
2015-10-22,106797.328717328
2015-10-23,114086.0772691687
2015-10-26,114084.00338820301
2015-10-27,110403.87424664808
2015-10-28,112613.19586275243
2015-10-29,112611.11575603143
2015-10-30,112550.60467824741
2015-11-02,111461.40527813535
2015-11-03,115818.20287858364
2015-11-04,113820.16473144028
2015-11-05,112225.36772069513
2015-11-06,110720.89390559391
2015-11-09,109246.82668790175
2015-11-10,109246.82668790175
2015-11-11,107652.02875054664
2015-11-12,107652.02875054664
2015-11-13,107652.02875054664
2015-11-16,107652.02875054664
2015-11-17,107652.02875054664
2015-11-18,107652.02875054664
2015-11-19,105550.33265435268
2015-11-20,105548.4710367616
2015-11-23,106469.10931671283
2015-11-24,105819.24700145313
2015-11-25,108527.00664836851
2015-11-27,109989.19685770282
2015-11-30,109393.48973538143
2015-12-01,110639.05917296252
2015-12-02,112259.41624044278
2015-12-03,110969.48882877592
2015-12-04,110967.52558833409
2015-12-07,116314.33402240093
2015-12-08,116312.27410213713
2015-12-09,115890.74693884657
2015-12-10,115890.74693884657
2015-12-11,115890.74693884657
2015-12-14,115890.74693884657
2015-12-15,115890.74693884657
2015-12-16,115890.74693884657
2015-12-17,112887.37579209133
2015-12-18,112887.37579209133
2015-12-21,110383.83163442166
2015-12-22,110381.94197096924
2015-12-23,114944.54216200033
2015-12-24,114065.00477577747
2015-12-28,111041.59501063637
2015-12-29,115879.05063486214
2015-12-30,113162.4137401128
2015-12-31,113160.45800458122
2016-01-04,103088.41626260876
2016-01-05,103088.41626260876
2016-01-06,103088.41626260876
2016-01-07,103088.41626260876
2016-01-08,103088.41626260876
2016-01-11,103088.41626260876
2016-01-12,103088.41626260876
2016-01-13,103088.41626260876
2016-01-14,103088.41626260876
2016-01-15,103088.41626260876
2016-01-19,103088.41626260876
2016-01-20,103088.41626260876
2016-01-21,103088.41626260876
2016-01-22,103088.41626260876
2016-01-25,103088.41626260876
2016-01-26,103088.41626260876
2016-01-27,103088.41626260876
2016-01-28,103088.41626260876
2016-01-29,103088.41626260876
2016-02-01,103088.41626260876
2016-02-02,103088.41626260876
2016-02-03,103088.41626260876
2016-02-04,103088.41626260876
2016-02-05,103088.41626260876
2016-02-08,103088.41626260876
2016-02-09,103088.41626260876
2016-02-10,103088.41626260876
2016-02-11,103088.41626260876
2016-02-12,103088.41626260876
2016-02-16,103088.41626260876
2016-02-17,103088.41626260876
2016-02-18,103088.41626260876
2016-02-19,103088.41626260876
2016-02-22,103088.41626260876
2016-02-23,101524.9616449799
2016-02-24,101524.9616449799
2016-02-25,101524.9616449799
2016-02-26,99998.93592993429
2016-02-29,99998.93592993429
2016-03-01,99998.93592993429
2016-03-02,99997.42760899414
2016-03-03,101533.14940202388
2016-03-04,105087.7145045286
2016-03-07,105086.09314448098
2016-03-08,103052.31984287145
2016-03-09,101405.51122411908
2016-03-10,99913.43273743388
2016-03-11,99911.8330521752
2016-03-14,101912.86184641998
2016-03-15,101214.82854610203
2016-03-16,101494.04186622922
2016-03-17,106287.20386174576
2016-03-18,109045.39507504257
2016-03-21,109043.45589477578
2016-03-22,110679.38979076568
2016-03-23,110967.12360771676
2016-03-24,110965.22490444448
2016-03-28,114983.53708087954
2016-03-29,114981.46767821611
2016-03-30,122328.27911751233
2016-03-31,122325.89801072034
2016-04-01,118654.73572614038
2016-04-04,124492.6195078736
2016-04-05,122754.24208738934
2016-04-06,122751.96241312043
2016-04-07,125253.46450867761
2016-04-08,123195.81471645138
2016-04-11,121172.84101790845
2016-04-12,119220.51312650797
2016-04-13,119218.19644751491
2016-04-14,120736.60238765883
2016-04-15,120734.17387934573
2016-04-18,120451.58950514013
2016-04-19,127743.72320885061
2016-04-20,125382.58665400223
2016-04-21,123310.29112458191
2016-04-22,123307.72527030988
2016-04-25,123704.11793349427
2016-04-26,123701.46022783555
2016-04-27,123160.26633933876
2016-04-28,124707.35578246364
2016-04-29,123022.88006029282
2016-05-02,123020.31397321633
2016-05-03,122793.42970394905
2016-05-04,122790.93648236248
2016-05-05,124934.9272853139
2016-05-06,124932.36638005127
2016-05-09,132158.6272857549
2016-05-10,136628.47939237568
2016-05-11,137226.7409168936
2016-05-12,134993.29876735655
2016-05-13,132904.3554353584
2016-05-16,132901.42309439683
2016-05-17,135300.1847204957
2016-05-18,133356.37927116058
2016-05-19,131372.55579764367
2016-05-20,131369.60998446328
2016-05-23,133597.66599202756
2016-05-24,135911.41646142123
2016-05-25,141395.86201850255
2016-05-26,141995.7232513083
2016-05-27,144052.39033521383
2016-05-31,146502.44825169985
2016-06-01,146498.79631431142
2016-06-02,148411.03586011098
2016-06-03,149846.34384990542
2016-06-06,148088.25281757375
2016-06-07,146297.73914069877
2016-06-08,144576.09574278235
2016-06-09,143005.1577153274
2016-06-10,141559.185035351
2016-06-13,141559.185035351
2016-06-14,141559.185035351
2016-06-15,141559.185035351
2016-06-16,141559.185035351
2016-06-17,139179.52240251924
2016-06-20,139176.23422651747
2016-06-21,142329.52043503465
2016-06-22,142329.52043503465
2016-06-23,142329.52043503465
2016-06-24,142329.52043503465
2016-06-27,142329.52043503465
2016-06-28,142329.52043503465
2016-06-29,142329.52043503465
2016-06-30,142326.0431235457
2016-07-01,144956.09082874272
2016-07-05,144024.50983543255
2016-07-06,144020.9326370759
2016-07-07,149032.59272289128
2016-07-08,149028.53007786762
2016-07-11,156119.49899513333
2016-07-12,154721.46964106994
2016-07-13,152310.41524064078
2016-07-14,150222.7064804894
2016-07-15,148275.65616079012
2016-07-18,148271.3072054313
2016-07-19,149576.982859708
2016-07-20,149572.40838569927
2016-07-21,148704.8644809161
2016-07-22,148700.37262703513
2016-07-25,150868.23853540616
2016-07-26,149244.97912371164
2016-07-27,147599.61158132544
2016-07-28,147594.91802290906
2016-07-29,151144.84204566173
2016-08-01,155369.33627546442
2016-08-02,153370.27893422026
2016-08-03,153365.21933408748
2016-08-04,159399.74331940187
2016-08-05,165287.0837928793
2016-08-08,168377.93754145497
2016-08-09,169880.7724131338
2016-08-10,167637.29636618486
2016-08-11,165479.46981169007
2016-08-12,163469.98118297142
2016-08-15,163463.82980847426
2016-08-16,159421.1857029136
2016-08-17,157969.75496655537
2016-08-18,157963.84614139
2016-08-19,158257.019311527
2016-08-22,156792.9896290285
2016-08-23,156787.00267094077
2016-08-24,154069.35297477327
2016-08-25,154063.71878965784
2016-08-26,156586.2039216247
2016-08-29,156580.38011771903
2016-08-30,158345.77313410572
2016-08-31,156796.24351285008
2016-09-01,155361.1555642491
2016-09-02,155355.10909980242
2016-09-06,157686.64389109117
2016-09-07,157680.24427080338
2016-09-08,158181.13847068726
2016-09-09,156688.5423377298
2016-09-12,156688.5423377298
2016-09-13,154791.55697942225
2016-09-14,154791.55697942225
2016-09-15,154791.55697942225
2016-09-16,152191.48238115472
2016-09-19,149315.60632630848
2016-09-20,146308.51108160446
2016-09-21,146303.08567160615
2016-09-22,159481.41107999784
2016-09-23,159639.23533638578
2016-09-26,151507.43823339153
2016-09-27,151501.5864713811
2016-09-28,157969.87331162076
2016-09-29,155444.2881243125
2016-09-30,155444.2881243125
2016-10-03,155438.0766771701
2016-10-04,156776.19363926596
2016-10-05,156769.73372718162
2016-10-06,155689.2111393107
2016-10-07,156288.782493371
2016-10-10,156282.24271625813
2016-10-11,154702.89191159955
2016-10-12,154702.89191159955
2016-10-13,154702.89191159955
2016-10-14,154702.89191159955
2016-10-17,154702.89191159955
2016-10-18,154702.89191159955
2016-10-19,154702.89191159955
2016-10-20,153102.26476833224
2016-10-21,153095.7773842319
2016-10-24,160502.876629016
2016-10-25,160840.32298095233
2016-10-26,160833.29101134665
2016-10-27,161566.75587412872
2016-10-28,161566.75587412872
2016-10-31,161566.75587412872
2016-11-01,161566.75587412872
2016-11-02,161566.75587412872
2016-11-03,161566.75587412872
2016-11-04,161566.75587412872
2016-11-07,161566.75587412872
2016-11-08,161566.75587412872
2016-11-09,161566.75587412872
2016-11-10,158406.76261043822
2016-11-11,158400.09769922067
2016-11-14,160544.53223825886
2016-11-15,160537.39980750513
2016-11-16,162715.93641232426
2016-11-17,165205.69253211757
2016-11-18,169770.24541840525
2016-11-21,172104.39178071148
2016-11-22,174576.64033366807
2016-11-23,174568.12817478654
2016-11-25,176239.5251466728
2016-11-28,173012.64375378896
2016-11-29,171346.26529997666
2016-11-30,169743.47936491994
2016-12-01,168312.88888396262
2016-12-02,168304.9414175404
2016-12-05,175009.39650148086
2016-12-06,183158.7772500637
2016-12-07,184643.72561574378
2016-12-08,182726.6231104455
2016-12-09,182717.14201207657
2016-12-12,184136.98982440995
2016-12-13,182095.685661075
2016-12-14,182086.25509355016
2016-12-15,184340.72756382357
2016-12-16,182409.07589925776
2016-12-19,182399.17410378356
2016-12-20,188519.95175827292
2016-12-21,191328.30856445042
2016-12-22,191607.16150141144
2016-12-23,191596.3417951665
2016-12-27,193484.7656978704
2016-12-28,195239.62011894802
2016-12-29,193698.6499188594
2016-12-30,192231.03423869406
2017-01-03,192220.236948168
2017-01-04,200543.49884216546
2017-01-05,204777.56291224918
2017-01-06,204764.8567232147
2017-01-09,204395.24506847968
2017-01-10,205764.88360123432
2017-01-11,203331.1104572243
2017-01-12,200729.43286279135
2017-01-13,198109.11273098388
2017-01-17,198096.5885916733
2017-01-18,202832.69093961213
2017-01-19,201343.77509311045
2017-01-20,201330.77754894365
2017-01-23,204873.67547549005
2017-01-24,204859.7711663203
2017-01-25,215072.42510896514
2017-01-26,213974.56043500887
2017-01-27,213959.16456789227
2017-01-30,209370.12162043448
2017-01-31,207410.0042896565
2017-02-01,205366.96670142232
2017-02-02,205352.29000811596
2017-02-03,209621.56838666304
2017-02-06,207593.66115685317
2017-02-07,208425.3650879843
2017-02-08,206827.43728897642
2017-02-09,206812.3743797459
2017-02-10,213165.7206265813
2017-02-13,217656.87918037875
2017-02-14,220724.0118512648
2017-02-15,227343.8101627581
2017-02-16,225467.99520986437
2017-02-17,225450.70471943417
2017-02-21,231247.59824516758
2017-02-22,228961.6059262021
2017-02-23,226582.9421242883
2017-02-24,226566.51874287444
2017-02-27,237196.15509928763
2017-02-28,234593.9787698116
2017-03-01,231590.98944452606
2017-03-02,231573.34747164595
2017-03-03,234395.8481056494
2017-03-06,238629.59905665455
2017-03-07,239905.17066910837
2017-03-08,237244.95458941776
2017-03-09,234653.01217660357
2017-03-10,232164.28892392255
2017-03-13,232145.43328911628
2017-03-14,233083.67493519635
2017-03-15,233064.5526169961
2017-03-16,240434.73238352404
2017-03-17,245162.7722337495
2017-03-20,246553.3721896982
2017-03-21,248417.11650710355
2017-03-22,246053.55799510144
2017-03-23,243704.5962507578
2017-03-24,241242.16439280746
2017-03-27,241242.16439280746
2017-03-28,241221.76414827854
2017-03-29,253089.99362666864
2017-03-30,249632.25114632308
2017-03-31,246196.99651906177
2017-04-03,246196.99651906177
2017-04-04,246196.99651906177
2017-04-05,242833.62787306748
2017-04-06,242833.62787306748
2017-04-07,242833.62787306748
2017-04-10,242833.62787306748
2017-04-11,242833.62787306748
2017-04-12,242833.62787306748
2017-04-13,242833.62787306748
2017-04-17,242833.62787306748
2017-04-18,242833.62787306748
2017-04-19,242833.62787306748
2017-04-20,242833.62787306748
2017-04-21,242833.62787306748
2017-04-24,239672.80228726545
2017-04-25,239651.04980520968
2017-04-26,237840.21200992752
2017-04-27,234846.2141378905
2017-04-28,234824.74382243573
2017-05-01,237635.1463415872
2017-05-02,241846.44734918332
2017-05-03,239408.98537470438
2017-05-04,237275.874366775
2017-05-05,235181.3409872743
2017-05-08,235158.6639645634
2017-05-09,239347.72673087326
2017-05-10,239324.46855954782
2017-05-11,235270.74133178446
2017-05-12,235247.89547943056
2017-05-15,239069.0124257772
2017-05-16,242749.31923395323
2017-05-17,241069.19868652543
2017-05-18,241048.4428851357
2017-05-19,252649.93511264736
2017-05-22,252649.93511264736
2017-05-23,249461.77688966607
2017-05-24,249437.09991533347
2017-05-25,251894.2234829734
2017-05-26,251869.10712638972
2017-05-30,254243.50770118527
2017-05-31,257098.71278129838
2017-06-01,257072.21272657017
2017-06-02,258806.5829773491
2017-06-05,258228.4595604228
2017-06-06,253646.33704776096
2017-06-07,251596.20228331315
2017-06-08,251570.4239838989
2017-06-09,257412.11318191106
2017-06-12,254892.41523425875
2017-06-13,254865.80345969935
2017-06-14,255822.26304101542
2017-06-15,255796.09074847962
2017-06-16,262025.87412317313
2017-06-19,261997.61643086572
2017-06-20,260074.74528574361
2017-06-21,257315.16573864152
2017-06-22,257287.437811299
2017-06-23,259505.43296484466
2017-06-26,262915.5866603226
2017-06-27,260837.63662625544
2017-06-28,258640.6133546723
2017-06-29,256415.7591320144
2017-06-30,253454.38061430515
2017-07-03,250280.6470753778
2017-07-05,247097.11619876532
2017-07-06,243895.36047520273
2017-07-07,243870.14572928895
2017-07-10,247720.72697764618
2017-07-11,249237.56886196573
2017-07-12,249210.19652512984
2017-07-13,252394.9913689015
2017-07-14,254982.63717946594
2017-07-17,263740.8229998379
2017-07-18,262745.5746111593
2017-07-19,270508.51204285264
2017-07-20,270475.15728424024
2017-07-21,270442.50554225023
2017-07-24,275191.27649119234
2017-07-25,277779.93197950564
2017-07-26,275841.78563592135
2017-07-27,273907.88121524366
2017-07-28,271604.5103824126
2017-07-31,269255.72923916846
2017-08-01,269222.28509935783
2017-08-02,268512.730142342
2017-08-03,266194.8511938038
2017-08-04,266162.2001750356
2017-08-07,266399.6330030241
2017-08-08,266419.2026430686
2017-08-09,264045.09130269254
2017-08-10,261504.75748678457
2017-08-11,261504.75748678457
2017-08-14,261504.75748678457
2017-08-15,257647.61872126552
2017-08-16,257617.62164457273
2017-08-17,248969.09177387875
2017-08-18,248969.09177387875
2017-08-21,248969.09177387875
2017-08-22,248941.46203205557
2017-08-23,250297.6806508743
2017-08-24,253804.74732222952
2017-08-25,253775.77417755802
2017-08-28,254783.38245453968
2017-08-29,254755.8193427478
2017-08-30,270039.1641302258
2017-08-31,272594.7398160008
2017-09-01,279710.2642744332
2017-09-05,266631.71605759754
2017-09-06,263115.9824332746
2017-09-07,259809.86810013262
2017-09-08,256723.81265517024
2017-09-11,256693.6033918069
2017-09-12,265315.9602023575
2017-09-13,268666.0478803422
2017-09-14,274157.9948934317
2017-09-15,275036.7064155261
2017-09-18,281352.4454805791
2017-09-19,285962.9185167623
2017-09-20,283386.0563574361
2017-09-21,280739.40948413947
2017-09-22,280702.3815044713
2017-09-25,280714.4755110235
2017-09-26,278128.42506361887
2017-09-27,275529.7121100891
2017-09-28,275492.46921462077
2017-09-29,280841.18021682155
2017-10-02,287205.4692574149
2017-10-03,291069.38182775036
2017-10-04,291027.64873077295
2017-10-05,293227.805616381
2017-10-06,297198.68171522644
2017-10-09,294698.03029045614
2017-10-10,292330.7838176312
2017-10-11,289939.05851588206
2017-10-12,287453.4101684952
2017-10-13,287409.0127027292
2017-10-16,292090.20414804184
2017-10-17,291536.50040171255
2017-10-18,291490.21140771115
2017-10-19,279162.43022752507
2017-10-20,279117.0580831323
2017-10-23,278971.03181487723
2017-10-24,276499.51774363517
2017-10-25,274058.2179589532
2017-10-26,271126.5212619585
2017-10-27,268201.26934656076
2017-10-30,268159.5407190811
2017-10-31,276731.54301080847
2017-11-01,278395.08822154946
2017-11-02,274591.9614223481
2017-11-03,270873.7161742357
2017-11-06,270829.35031840013
2017-11-07,269741.3214116915
2017-11-08,269697.3635667207
2017-11-09,258260.5639322988
2017-11-10,255498.37064450386
2017-11-13,255458.69698446587
2017-11-14,252852.87431651505
2017-11-15,250482.20399764695
2017-11-16,250443.1438297426
2017-11-17,252573.36620425136
2017-11-20,259745.1148650974
2017-11-21,268763.05625051766
2017-11-22,274940.70113659295
2017-11-24,276360.84938626544
2017-11-27,275508.76043646195
2017-11-28,276511.3568604619
2017-11-29,274213.1380677521
2017-11-30,271947.70895261504
2017-12-01,269854.2501039947
2017-12-04,266812.36625795637
2017-12-05,263728.3559507293
2017-12-06,263684.2139556675
2017-12-07,267375.4719720889
2017-12-08,279973.8960716141
2017-12-11,287523.2869075428
2017-12-12,287469.0558349093
2017-12-13,287567.63918739045
2017-12-14,283654.81850312336
2017-12-15,283600.81706657895
2017-12-18,294399.0482459918
2017-12-19,292749.8161828621
2017-12-20,290130.0258570213
2017-12-21,287625.9773318319
2017-12-22,285375.4448478504
2017-12-26,285319.4689225058
2017-12-27,287201.8752835816
2017-12-28,287144.9933853439
2017-12-29,289616.2286367192
2018-01-02,289558.8478997775
2018-01-03,301554.2612673836
2018-01-04,304578.0958061932
2018-01-05,302252.5852117857
2018-01-08,302189.23196412314
2018-01-09,304828.71963403025
2018-01-10,302575.8376940502
2018-01-11,300095.5151706064
2018-01-12,297753.5338473939
2018-01-16,295466.026875215
2018-01-17,292944.49912468134
2018-01-18,290251.2131286981
2018-01-19,290251.2131286981
2018-01-22,290192.1535033852
2018-01-23,292183.61256570235
2018-01-24,288794.587585067
2018-01-25,285263.8169396376
2018-01-26,281813.56193011394
2018-01-29,278439.76564806723
2018-01-30,274866.3041605969
2018-01-31,274866.3041605969
2018-02-01,274816.1294286725
2018-02-02,273449.75917828816
2018-02-05,273449.75917828816
2018-02-06,273449.75917828816
2018-02-07,273449.75917828816
2018-02-08,273449.75917828816
2018-02-09,273449.75917828816
2018-02-12,273449.75917828816
2018-02-13,273449.75917828816
2018-02-14,273449.75917828816
2018-02-15,273449.75917828816
2018-02-16,273449.75917828816
2018-02-20,273449.75917828816
2018-02-21,273449.75917828816
2018-02-22,273449.75917828816
2018-02-23,273449.75917828816
2018-02-26,273449.75917828816
2018-02-27,273449.75917828816
2018-02-28,273449.75917828816
2018-03-01,273449.75917828816
2018-03-02,273449.75917828816
2018-03-05,273449.75917828816
2018-03-06,273449.75917828816
2018-03-07,273449.75917828816
2018-03-08,273449.75917828816
2018-03-09,273449.75917828816
2018-03-12,266412.9853754335
2018-03-13,259501.23774461917
2018-03-14,259501.23774461917
2018-03-15,259501.23774461917
2018-03-16,259501.23774461917
2018-03-19,259501.23774461917
2018-03-20,259501.23774461917
2018-03-21,259501.23774461917
2018-03-22,255242.96546540826
2018-03-23,255242.96546540826
2018-03-26,255242.96546540826
2018-03-27,255242.96546540826
2018-03-28,255242.96546540826
2018-03-29,255242.96546540826
2018-04-02,255242.96546540826
2018-04-03,255242.96546540826
2018-04-04,255242.96546540826
2018-04-05,255242.96546540826
2018-04-06,255242.96546540826
2018-04-09,255242.96546540826
2018-04-10,255242.96546540826
2018-04-11,255242.96546540826
2018-04-12,255242.96546540826
2018-04-13,255242.96546540826
2018-04-16,255242.96546540826
2018-04-17,255242.96546540826
2018-04-18,250499.7313182345
2018-04-19,246309.88244681075
2018-04-20,246309.88244681075
2018-04-23,246309.88244681075
2018-04-24,246309.88244681075
2018-04-25,246309.88244681075
2018-04-26,246309.88244681075
2018-04-27,246309.88244681075
2018-04-30,241851.58959161176
2018-05-01,241851.58959161176
2018-05-02,241851.58959161176
2018-05-03,241851.58959161176
2018-05-04,241819.93362438772
2018-05-07,253674.9803465733
2018-05-08,252351.35862516428
2018-05-09,256667.51641236775
2018-05-10,265530.0270687589
2018-05-11,273701.9524791975
2018-05-14,279744.57338128245
2018-05-15,273686.97058832203
2018-05-16,273686.97058832203
2018-05-17,269932.12353881996
2018-05-18,266542.84813801764
2018-05-21,263423.3965966667
2018-05-22,260265.2651860838
2018-05-23,257301.457924667
2018-05-24,254068.42554998252
2018-05-25,254027.75685555514
2018-05-29,239844.7566866551
2018-05-30,239844.7566866551
2018-05-31,239844.7566866551
2018-06-01,239844.7566866551
2018-06-04,239844.7566866551
2018-06-05,239805.93543410135
2018-06-06,244816.59506206517
2018-06-07,248972.590513366
2018-06-08,248931.6655507891
2018-06-11,254809.01210742752
2018-06-12,257288.62599091628
2018-06-13,254269.2730842591
2018-06-14,251374.6393913062
2018-06-15,248698.76658626413
2018-06-18,246043.68758814657
2018-06-19,246043.68758814657
2018-06-20,246001.56993231917
2018-06-21,242194.75217413143
2018-06-22,242194.75217413143
2018-06-25,242194.75217413143
2018-06-26,242194.75217413143
2018-06-27,242194.75217413143
2018-06-28,242194.75217413143
2018-06-29,242194.75217413143
2018-07-02,242194.75217413143
2018-07-03,242194.75217413143
2018-07-05,242194.75217413143
2018-07-06,242157.78100741043
2018-07-09,260371.7023654477
2018-07-10,267966.4371014559
2018-07-11,260035.65215588984
2018-07-12,267294.3366823401
2018-07-13,268840.16764630633
2018-07-16,271365.2227548196
2018-07-17,271318.0958610668
2018-07-18,277625.1113469249
2018-07-19,274182.6312206629
2018-07-20,274134.9246571794
2018-07-23,273546.0294372619
2018-07-24,270590.28785185737
2018-07-25,270542.2953790039
2018-07-26,271993.9888373402
2018-07-27,269006.2781902171
2018-07-30,265859.803728095
2018-07-31,265859.803728095
2018-08-01,262707.7602836364
2018-08-02,262662.95740978955
2018-08-03,275694.29793244577
2018-08-06,280255.26711537543
2018-08-07,290680.33953350043
2018-08-08,292553.5947336323
2018-08-09,293434.80371094873
2018-08-10,289813.3792129528
2018-08-13,289813.3792129528
2018-08-14,286352.60064405116
2018-08-15,282761.88736370724
2018-08-16,282761.88736370724
2018-08-17,282711.0641486582
2018-08-20,298694.40208908886
2018-08-21,296233.11047205667
2018-08-22,296177.8243469261
2018-08-23,297893.3365566251
2018-08-24,297836.0092875187
2018-08-27,295296.3277861635
2018-08-28,291574.1918109259
2018-08-29,291518.6442510035
2018-08-30,288468.10047230567
2018-08-31,288414.8597155071
2018-09-04,291097.6530535554
2018-09-05,288311.0094618519
2018-09-06,285569.7074061705
2018-09-07,282723.228205169
2018-09-10,282723.228205169
2018-09-11,282672.02709539206
2018-09-12,295144.22017526143
2018-09-13,303614.14234144136
2018-09-14,303819.8059303906
2018-09-17,300302.30076662195
2018-09-18,300243.2495434089
2018-09-19,307864.71592002804
2018-09-20,314090.7113065555
2018-09-21,314842.11380838574
2018-09-24,309987.93926764815
2018-09-25,307124.7883127305
2018-09-26,304567.33699290064
2018-09-27,304504.9721272604
2018-09-28,302464.35809366795
2018-10-01,311933.89097298187
2018-10-02,309266.57708157145
2018-10-03,306609.4456566413
2018-10-04,304001.88493652793
2018-10-05,304001.88493652793
2018-10-08,304001.88493652793
2018-10-09,304001.88493652793
2018-10-10,304001.88493652793
2018-10-11,304001.88493652793
2018-10-12,304001.88493652793
2018-10-15,304001.88493652793
2018-10-16,304001.88493652793
2018-10-17,304001.88493652793
2018-10-18,304001.88493652793
2018-10-19,304001.88493652793
2018-10-22,304001.88493652793
2018-10-23,304001.88493652793
2018-10-24,304001.88493652793
2018-10-25,304001.88493652793
2018-10-26,304001.88493652793
2018-10-29,304001.88493652793
2018-10-30,304001.88493652793
2018-10-31,304001.88493652793
2018-11-01,304001.88493652793
2018-11-02,304001.88493652793
2018-11-05,304001.88493652793
2018-11-06,304001.88493652793
2018-11-07,304001.88493652793
2018-11-08,304001.88493652793
2018-11-09,304001.88493652793
2018-11-12,304001.88493652793
2018-11-13,304001.88493652793
2018-11-14,304001.88493652793
2018-11-15,304001.88493652793
2018-11-16,304001.88493652793
2018-11-19,304001.88493652793
2018-11-20,304001.88493652793
2018-11-21,304001.88493652793
2018-11-23,304001.88493652793
2018-11-26,304001.88493652793
2018-11-27,304001.88493652793
2018-11-28,304001.88493652793
2018-11-29,304001.88493652793
2018-11-30,304001.88493652793
2018-12-03,298766.29878946015
2018-12-04,298766.29878946015
2018-12-06,298766.29878946015
2018-12-07,298766.29878946015
2018-12-10,298766.29878946015
2018-12-11,298766.29878946015
2018-12-12,298766.29878946015
2018-12-13,298766.29878946015
2018-12-14,298766.29878946015
2018-12-17,298766.29878946015
2018-12-18,298766.29878946015
2018-12-19,298766.29878946015
2018-12-20,298766.29878946015
2018-12-21,298766.29878946015
2018-12-24,298766.29878946015
2018-12-26,298766.29878946015
2018-12-27,298766.29878946015
2018-12-28,298766.29878946015
2018-12-31,298766.29878946015
2019-01-02,298766.29878946015
2019-01-03,298766.29878946015
2019-01-04,298766.29878946015
2019-01-07,298766.29878946015
2019-01-08,298766.29878946015
2019-01-09,298766.29878946015
2019-01-10,298766.29878946015
2019-01-11,298766.29878946015
2019-01-14,298766.29878946015
2019-01-15,298766.29878946015
2019-01-16,298766.29878946015
2019-01-17,298766.29878946015
2019-01-18,298766.29878946015
2019-01-22,298766.29878946015
2019-01-23,298766.29878946015
2019-01-24,298766.29878946015
2019-01-25,298766.29878946015
2019-01-28,298766.29878946015
2019-01-29,298766.29878946015
2019-01-30,298766.29878946015
